Country/Region,Jan-1990,Feb-1990,Mar-1990,Apr-1990,May-1990,Jun-1990,Jul-1990,Aug-1990,Sep-1990,Oct-1990,Nov-1990,Dec-1990,Jan-1991,Feb-1991,Mar-1991,Apr-1991,May-1991,Jun-1991,Jul-1991,Aug-1991,Sep-1991,Oct-1991,Nov-1991,Dec-1991,Jan-1992,Feb-1992,Mar-1992,Apr-1992,May-1992,Jun-1992,Jul-1992,Aug-1992,Sep-1992,Oct-1992,Nov-1992,Dec-1992,Jan-1993,Feb-1993,Mar-1993,Apr-1993,May-1993,Jun-1993,Jul-1993,Aug-1993,Sep-1993,Oct-1993,Nov-1993,Dec-1993,Jan-1994,Feb-1994,Mar-1994,Apr-1994,May-1994,Jun-1994,Jul-1994,Aug-1994,Sep-1994,Oct-1994,Nov-1994,Dec-1994,Jan-1995,Feb-1995,Mar-1995,Apr-1995,May-1995,Jun-1995,Jul-1995,Aug-1995,Sep-1995,Oct-1995,Nov-1995,Dec-1995,Jan-1996,Feb-1996,Mar-1996,Apr-1996,May-1996,Jun-1996,Jul-1996,Aug-1996,Sep-1996,Oct-1996,Nov-1996,Dec-1996,Jan-1997,Feb-1997,Mar-1997,Apr-1997,May-1997,Jun-1997,Jul-1997,Aug-1997,Sep-1997,Oct-1997,Nov-1997,Dec-1997,Jan-1998,Feb-1998,Mar-1998,Apr-1998,May-1998,Jun-1998,Jul-1998,Aug-1998,Sep-1998,Oct-1998,Nov-1998,Dec-1998,Jan-1999,Feb-1999,Mar-1999,Apr-1999,May-1999,Jun-1999,Jul-1999,Aug-1999,Sep-1999,Oct-1999,Nov-1999,Dec-1999,Jan-2000,Feb-2000,Mar-2000,Apr-2000,May-2000,Jun-2000,Jul-2000,Aug-2000,Sep-2000,Oct-2000,Nov-2000,Dec-2000,Jan-2001,Feb-2001,Mar-2001,Apr-2001,May-2001,Jun-2001,Jul-2001,Aug-2001,Sep-2001,Oct-2001,Nov-2001,Dec-2001,Jan-2002,Feb-2002,Mar-2002,Apr-2002,May-2002,Jun-2002,Jul-2002,Aug-2002,Sep-2002,Oct-2002,Nov-2002,Dec-2002,Jan-2003,Feb-2003,Mar-2003,Apr-2003,May-2003,Jun-2003,Jul-2003,Aug-2003,Sep-2003,Oct-2003,Nov-2003,Dec-2003,Jan-2004,Feb-2004,Mar-2004,Apr-2004,May-2004,Jun-2004,Jul-2004,Aug-2004,Sep-2004,Oct-2004,Nov-2004,Dec-2004,Jan-2005,Feb-2005,Mar-2005,Apr-2005,May-2005,Jun-2005,Jul-2005,Aug-2005,Sep-2005,Oct-2005,Nov-2005,Dec-2005,Jan-2006,Feb-2006,Mar-2006,Apr-2006,May-2006,Jun-2006,Jul-2006,Aug-2006,Sep-2006,Oct-2006,Nov-2006,Dec-2006,Jan-2007,Feb-2007,Mar-2007,Apr-2007,May-2007,Jun-2007,Jul-2007,Aug-2007,Sep-2007,Oct-2007,Nov-2007,Dec-2007,Jan-2008,Feb-2008,Mar-2008,Apr-2008,May-2008,Jun-2008,Jul-2008,Aug-2008,Sep-2008,Oct-2008,Nov-2008,Dec-2008,Jan-2009,Feb-2009,Mar-2009,Apr-2009,May-2009,Jun-2009,Jul-2009,Aug-2009,Sep-2009,Oct-2009,Nov-2009,Dec-2009,Jan-2010,Feb-2010,Mar-2010,Apr-2010,May-2010,Jun-2010,Jul-2010,Aug-2010,Sep-2010,Oct-2010,Nov-2010,Dec-2010,Jan-2011,Feb-2011,Mar-2011,Apr-2011,May-2011,Jun-2011,Jul-2011,Aug-2011,Sep-2011,Oct-2011,Nov-2011,Dec-2011,Jan-2012,Feb-2012,Mar-2012,Apr-2012,May-2012,Jun-2012,Jul-2012,Aug-2012,Sep-2012,Oct-2012,Nov-2012,Dec-2012,Jan-2013,Feb-2013,Mar-2013,Apr-2013,May-2013,Jun-2013,Jul-2013,Aug-2013,Sep-2013,Oct-2013,Nov-2013,Dec-2013,Jan-2014,Feb-2014,Mar-2014,Apr-2014,May-2014,Jun-2014,Jul-2014,Aug-2014,Sep-2014,Oct-2014,Nov-2014,Dec-2014,Jan-2015,Feb-2015,Mar-2015,Apr-2015,May-2015,Jun-2015,Jul-2015,Aug-2015,Sep-2015,Oct-2015,Nov-2015,Dec-2015,Jan-2016,Feb-2016,Mar-2016,Apr-2016,May-2016,Jun-2016,Jul-2016,Aug-2016,Sep-2016,Oct-2016,Nov-2016,Dec-2016,Jan-2017,Feb-2017,Mar-2017,Apr-2017,May-2017,Jun-2017,Jul-2017,Aug-2017,Sep-2017,Oct-2017,Nov-2017,Dec-2017,Jan-2018,Feb-2018,Mar-2018,Apr-2018,May-2018,Jun-2018,Jul-2018,Aug-2018,Sep-2018,Oct-2018,Nov-2018,Dec-2018,Jan-2019,Feb-2019,Mar-2019,Apr-2019,May-2019,Jun-2019,Jul-2019,Aug-2019,Sep-2019,Oct-2019,Nov-2019,Dec-2019,Jan-2020,Feb-2020,Mar-2020,Apr-2020,May-2020,Jun-2020,Jul-2020,Aug-2020,Sep-2020,Oct-2020,Nov-2020,Dec-2020,Jan-2021,Feb-2021,Mar-2021,Apr-2021,May-2021,Jun-2021,Jul-2021,Aug-2021,Sep-2021,Oct-2021,Nov-2021,Dec-2021
Austria,25877.0,20780.0,32661.0,31991.0,29744.0,25876.0,25884.0,21055.0,21013.0,23368.0,19233.0,11136.0,27040.0,20475.0,34348.0,32801.0,30744.0,29931.0,27211.0,20962.0,20269.0,25739.0,19475.0,14728.0,27562.0,24330.0,35316.0,42121.0,30566.0,29724.0,28942.0,18549.0,25064.0,27584.0,20359.0,9917.0,28161.0,22348.0,33698.0,36035.0,31641.0,25626.0,25110.0,18074.0,20829.0,20797.0,15161.0,7677.0,24775.0,20206.0,34345.0,28189.0,27806.0,28052.0,26566.0,18071.0,20948.0,19530.0,16574.0,8601.0,24838.0,19830.0,32821.0,28832.0,31292.0,28519.0,25132.0,17971.0,20324.0,21252.0,17739.0,11060.0,25922.0,21424.0,36175.0,39247.0,51258.0,20261.0,23085.0,18718.0,20646.0,22614.0,16846.0,11449.0,23940.0,21004.0,30568.0,32332.0,25561.0,26390.0,26493.0,18622.0,21720.0,21803.0,16319.0,10249.0,25363.0,22364.0,31631.0,32040.0,26471.0,25844.0,28238.0,20885.0,23875.0,25088.0,20999.0,13067.0,27257.0,18774.0,37410.0,35249.0,30117.0,31035.0,28819.0,22534.0,26419.0,22769.0,21385.0,12414.0,26975.0,23420.0,35192.0,32666.0,32672.0,27726.0,25701.0,23630.0,23217.0,23907.0,21040.0,13281.0,25885.0,21569.0,34067.0,31904.0,30468.0,27038.0,26594.0,20816.0,20590.0,23129.0,19813.0,11655.0,23291.0,20398.0,29666.0,30320.0,26295.0,25904.0,26260.0,18813.0,21402.0,24388.0,19338.0,13418.0,25016.0,20110.0,30052.0,31939.0,28503.0,27315.0,27970.0,20337.0,24459.0,26412.0,21151.0,16857.0,23929.0,19487.0,32200.0,33091.0,29570.0,31636.0,28271.0,20636.0,25109.0,24692.0,23775.0,18896.0,23424.0,18621.0,32549.0,34063.0,29705.0,32849.0,25881.0,21808.0,25375.0,23699.0,22240.0,17701.0,23448.0,19505.0,35046.0,30855.0,30659.0,29833.0,25403.0,23022.0,24274.0,25001.0,23873.0,17675.0,22430.0,20544.0,32345.0,29415.0,28523.0,31324.0,23615.0,21329.0,22016.0,25003.0,22870.0,18768.0,21884.0,21987.0,29907.0,31813.0,28364.0,34713.0,22695.0,18285.0,22509.0,25992.0,19836.0,15712.0,18992.0,18827.0,26477.0,35898.0,29732.0,36090.0,32694.0,22423.0,26542.0,26694.0,25612.0,19422.0,20882.0,21786.0,33270.0,31723.0,29057.0,32957.0,28977.0,24693.0,28115.0,28713.0,28024.0,20366.0,25584.0,26412.0,35869.0,33317.0,34393.0,32018.0,29307.0,25884.0,30755.0,28909.0,30339.0,23358.0,26826.0,24005.0,37933.0,32728.0,32398.0,33068.0,28268.0,24570.0,27094.0,26322.0,24377.0,18421.0,27761.0,21196.0,31067.0,30807.0,29094.0,31279.0,28543.0,23063.0,25301.0,26743.0,23350.0,20831.0,23990.0,27589.0,29702.0,29240.0,26986.0,29100.0,24772.0,21121.0,24863.0,26945.0,21619.0,17391.0,23427.0,20641.0,31086.0,29500.0,26517.0,30462.0,26917.0,22677.0,25966.0,25149.0,23381.0,22832.0,24019.0,22495.0,31941.0,31102.0,28462.0,33751.0,26882.0,23690.0,29836.0,26273.0,25491.0,25662.0,26352.0,25311.0,36830.0,30201.0,32426.0,35441.0,27731.0,26058.0,29528.0,28244.0,29547.0,25651.0,28568.0,26499.0,35407.0,31821.0,32551.0,38015.0,31476.0,34227.0,17194.0,22513.0,23604.0,19193.0,25257.0,23640.0,31958.0,31951.0,30574.0,32529.0,31428.0,29888.0,21047.0,25138.0,23271.0,22682.0,22959.0,21067.0,10654.0,11220.0,20211.0,26676.0,24784.0,20906.0,22162.0,24274.0,20055.0,23772.0,14133.0,19863.0,29526.0,22296.0,22503.0,26075.0,19902.0,17719.0,17864.0,14755.0,17519.0,17772.0
Belgium,49036.0,47698.0,51375.0,46637.0,40780.0,43018.0,32674.0,26509.0,40974.0,34705.0,34890.0,25210.0,47307.0,35942.0,47088.0,49475.0,42884.0,46213.0,41204.0,29535.0,31580.0,39322.0,29108.0,22467.0,51891.0,50055.0,46739.0,54960.0,57093.0,37218.0,33279.0,25603.0,28718.0,36350.0,26896.0,17392.0,41750.0,34569.0,43472.0,38976.0,28651.0,35209.0,31579.0,23747.0,26178.0,28856.0,24168.0,18254.0,42755.0,42312.0,50243.0,36755.0,34684.0,35219.0,24696.0,22387.0,25011.0,30211.0,23558.0,19517.0,41964.0,30760.0,38921.0,32638.0,33091.0,33864.0,25200.0,23272.0,25119.0,30009.0,27895.0,16135.0,42873.0,44396.0,45352.0,39997.0,36881.0,34255.0,32781.0,20870.0,25854.0,32635.0,24122.0,17343.0,44465.0,39124.0,39329.0,40771.0,32868.0,36696.0,31981.0,23391.0,29785.0,33737.0,24562.0,19531.0,47583.0,43530.0,45351.0,47778.0,37937.0,41586.0,36018.0,29352.0,31817.0,38960.0,31378.0,20839.0,58757.0,44727.0,54342.0,47331.0,39790.0,48116.0,37871.0,31062.0,34638.0,37765.0,32490.0,22732.0,57730.0,57736.0,62252.0,52294.0,51029.0,43113.0,36027.0,31175.0,31519.0,39632.0,32501.0,20196.0,57349.0,45711.0,49944.0,45105.0,45980.0,44156.0,40098.0,33024.0,30593.0,42206.0,33312.0,21205.0,55872.0,52611.0,52851.0,51858.0,40912.0,37632.0,34850.0,26145.0,31678.0,37702.0,27307.0,18151.0,50156.0,43513.0,48077.0,43326.0,37112.0,39839.0,35115.0,28817.0,34234.0,42291.0,30059.0,26257.0,47012.0,49700.0,60965.0,53261.0,38955.0,43378.0,31083.0,29651.0,33594.0,38868.0,33441.0,24849.0,50958.0,45171.0,51869.0,48036.0,41322.0,49041.0,32347.0,33109.0,35382.0,36720.0,35399.0,20734.0,58128.0,54554.0,64963.0,51147.0,50701.0,46118.0,35359.0,33018.0,34989.0,41492.0,34686.0,20986.0,55832.0,48856.0,59170.0,47713.0,46961.0,49977.0,39597.0,33882.0,36611.0,46150.0,36351.0,23695.0,56846.0,55941.0,57077.0,61703.0,48441.0,50689.0,39242.0,32954.0,37838.0,42998.0,30381.0,21837.0,47690.0,45904.0,50258.0,47641.0,37976.0,43736.0,35906.0,30085.0,35687.0,39726.0,35136.0,26449.0,49376.0,47584.0,64330.0,57309.0,47725.0,53872.0,39309.0,37540.0,36945.0,43570.0,40537.0,29243.0,53236.0,53135.0,63533.0,53300.0,54888.0,48353.0,34886.0,37788.0,41427.0,42462.0,40440.0,48763.0,44732.0,43716.0,59915.0,48326.0,40780.0,47647.0,36701.0,31256.0,33660.0,41846.0,35834.0,22324.0,50684.0,45400.0,53076.0,53036.0,44519.0,43158.0,34879.0,29829.0,34890.0,39490.0,32023.0,25081.0,49584.0,46140.0,52808.0,53319.0,42955.0,43018.0,35275.0,28613.0,36383.0,38115.0,29739.0,26990.0,47324.0,44504.0,55245.0,51423.0,40502.0,49426.0,36121.0,31252.0,36725.0,39474.0,36329.0,32741.0,44326.0,49707.0,56423.0,55022.0,48856.0,55272.0,34373.0,38655.0,41748.0,41969.0,39645.0,33523.0,51701.0,51942.0,61066.0,51132.0,51342.0,55119.0,36627.0,35517.0,40895.0,43500.0,39645.0,28072.0,56869.0,50257.0,58431.0,54602.0,54999.0,56211.0,42771.0,54437.0,27145.0,36894.0,33819.0,23197.0,51074.0,49919.0,54872.0,53498.0,51081.0,50044.0,45110.0,47936.0,35715.0,42713.0,34574.0,33467.0,51840.0,46775.0,28801.0,5296.0,34752.0,49141.0,44532.0,36387.0,36083.0,38703.0,29103.0,30078.0,37735.0,36536.0,44966.0,37192.0,34836.0,41126.0,27596.0,27026.0,26554.0,25045.0,24134.0,20377.0
Denmark,6648.0,6925.0,9808.0,8515.0,7980.0,7893.0,5853.0,6239.0,6897.0,6182.0,4642.0,3072.0,5454.0,5380.0,10400.0,8930.0,9258.0,7779.0,6661.0,6379.0,6296.0,7283.0,6113.0,3752.0,6778.0,7297.0,9772.0,9155.0,8629.0,7468.0,6997.0,6208.0,7089.0,6174.0,4648.0,3464.0,5623.0,4890.0,7864.0,8658.0,7378.0,7428.0,6748.0,6597.0,6720.0,7099.0,6790.0,6218.0,7769.0,9433.0,14278.0,13432.0,13118.0,16343.0,11464.0,10870.0,11430.0,11435.0,10675.0,9433.0,9658.0,12024.0,16006.0,12443.0,13279.0,13133.0,9883.0,9916.0,10301.0,10565.0,10246.0,8319.0,9400.0,10551.0,16496.0,14775.0,15454.0,12942.0,11058.0,10402.0,9836.0,12073.0,10539.0,8904.0,10163.0,12497.0,16658.0,15449.0,29580.0,8088.0,8112.0,9296.0,10085.0,11872.0,10490.0,9794.0,12055.0,12757.0,16755.0,15726.0,13085.0,21023.0,11953.0,11862.0,12344.0,11541.0,11790.0,11617.0,10364.0,12068.0,17021.0,13214.0,13191.0,14375.0,11385.0,9894.0,9956.0,9994.0,10197.0,12068.0,8535.0,9906.0,12541.0,10417.0,11906.0,10327.0,8678.0,8166.0,7787.0,7680.0,7367.0,9380.0,6226.0,7129.0,9310.0,9066.0,10089.0,10081.0,7292.0,7733.0,6696.0,7207.0,7464.0,7880.0,7075.0,8132.0,10241.0,10030.0,11890.0,11206.0,9190.0,8859.0,8755.0,9044.0,8159.0,9004.0,6693.0,6870.0,7951.0,7754.0,8940.0,8992.0,8083.0,7160.0,7922.0,8030.0,8258.0,9425.0,7645.0,7479.0,10420.0,10619.0,9954.0,12410.0,9235.0,9089.0,10422.0,10477.0,11345.0,12395.0,9950.0,9581.0,12421.0,13917.0,12924.0,14976.0,11729.0,11828.0,12434.0,11479.0,12437.0,13209.0,11187.0,10549.0,14176.0,13222.0,15617.0,16812.0,11374.0,11949.0,12076.0,12268.0,12403.0,12752.0,11481.0,10596.0,14083.0,11943.0,14033.0,14766.0,13082.0,13191.0,13243.0,14256.0,14999.0,13674.0,14391.0,12953.0,12246.0,16074.0,14575.0,15345.0,12974.0,11336.0,11993.0,11326.0,8327.0,8605.0,7784.0,7411.0,9819.0,9026.0,9310.0,11272.0,9075.0,7903.0,9766.0,9971.0,9062.0,11802.0,10658.0,8590.0,13935.0,11943.0,12958.0,15526.0,11659.0,11751.0,13533.0,13600.0,13962.0,15472.0,12375.0,11552.0,16760.0,13400.0,16545.0,17005.0,13053.0,12491.0,13806.0,12388.0,15028.0,15341.0,12871.0,14182.0,13680.0,12092.0,16688.0,14697.0,16709.0,13546.0,13905.0,15218.0,16318.0,10694.0,14735.0,12223.0,14925.0,15807.0,16609.0,17538.0,14291.0,14276.0,14540.0,16832.0,15872.0,14248.0,16255.0,14726.0,16771.0,16471.0,16831.0,17533.0,14239.0,14578.0,14373.0,16307.0,15126.0,15402.0,16010.0,13540.0,19596.0,16942.0,17036.0,21330.0,16228.0,16157.0,17760.0,16839.0,17106.0,18455.0,16412.0,16611.0,19142.0,19853.0,21121.0,23641.0,15697.0,17424.0,18452.0,17076.0,18058.0,19408.0,19513.0,17462.0,22773.0,17599.0,22272.0,23994.0,15195.0,15307.0,14353.0,18542.0,18070.0,16512.0,19900.0,17270.0,19766.0,18715.0,22553.0,22499.0,16447.0,20724.0,12004.0,16659.0,17907.0,13914.0,21282.0,18583.0,26307.0,16180.0,19054.0,20691.0,16696.0,18689.0,15949.0,18378.0,18115.0,15486.0,18671.0,15005.0,15184.0,10200.0,11432.0,17932.0,18956.0,17608.0,17197.0,15071.0,18167.0,22739.0,10257.0,9912.0,23733.0,15525.0,16824.0,20271.0,13402.0,15844.0,14222.0,12665.0,14958.0,17769.0
Germany,226265.0,234428.0,325963.0,290071.0,299364.0,272254.0,295892.0,251007.0,237534.0,335700.0,347185.0,234125.0,319748.0,342725.0,444576.0,442732.0,427935.0,430947.0,552865.0,165040.0,233290.0,293570.0,272966.0,232280.0,328666.0,316802.0,425922.0,401095.0,357968.0,356964.0,352270.0,230724.0,280111.0,301522.0,285730.0,291784.0,238246.0,238406.0,364211.0,339769.0,282038.0,286140.0,267233.0,210452.0,255602.0,252567.0,229204.0,230336.0,249211.0,243597.0,372668.0,288821.0,305228.0,303772.0,254177.0,199537.0,255486.0,246818.0,245965.0,243944.0,246560.0,241138.0,360744.0,297329.0,321607.0,326766.0,268387.0,216764.0,272191.0,267454.0,262242.0,232875.0,275607.0,266700.0,375378.0,336525.0,338790.0,316540.0,304859.0,228316.0,274624.0,285918.0,260066.0,232997.0,266069.0,259584.0,343427.0,350773.0,292660.0,344194.0,326394.0,243320.0,277608.0,308505.0,250689.0,264956.0,261646.0,280249.0,435821.0,299220.0,318830.0,343477.0,323079.0,256002.0,302567.0,327296.0,297152.0,290648.0,273341.0,269260.0,429896.0,368130.0,333676.0,363223.0,341045.0,262766.0,308979.0,292985.0,274378.0,284497.0,234310.0,273186.0,386127.0,275491.0,351647.0,292878.0,276542.0,251320.0,270393.0,259474.0,266114.0,240861.0,242242.0,236150.0,356024.0,295013.0,330325.0,302643.0,277252.0,256418.0,257918.0,284317.0,277242.0,226174.0,243400.0,233281.0,321840.0,304326.0,282632.0,308450.0,282560.0,244287.0,266005.0,281057.0,256564.0,228496.0,237778.0,230417.0,318659.0,287350.0,304953.0,299174.0,288084.0,228001.0,285208.0,269124.0,256205.0,231985.0,208212.0,224092.0,332962.0,297126.0,282562.0,311162.0,267620.0,220862.0,274538.0,281180.0,284761.0,281748.0,200419.0,218841.0,331538.0,309378.0,299992.0,336629.0,270936.0,246666.0,284172.0,288598.0,275217.0,256873.0,223108.0,215963.0,358072.0,284873.0,330102.0,323776.0,265845.0,244757.0,298179.0,293832.0,326038.0,303416.0,199686.0,183258.0,334592.0,264871.0,293484.0,301108.0,258639.0,239381.0,265473.0,281845.0,283921.0,241905.0,220742.0,228623.0,286549.0,317960.0,275259.0,304036.0,262534.0,214386.0,261384.0,258814.0,233772.0,225981.0,189385.0,277740.0,400965.0,379626.0,384578.0,427111.0,339976.0,275219.0,316166.0,321120.0,279725.0,215564.0,181189.0,194846.0,294374.0,259414.0,249708.0,289259.0,237428.0,200885.0,259748.0,256775.0,262262.0,230371.0,211056.0,224426.0,327921.0,266251.0,304543.0,288382.0,260907.0,237561.0,280689.0,258253.0,269144.0,244501.0,210195.0,224318.0,339123.0,274066.0,289977.0,296722.0,247860.0,226455.0,250082.0,259529.0,259846.0,204331.0,192090.0,200683.0,281184.0,284444.0,261316.0,282913.0,253146.0,214044.0,247199.0,265441.0,254651.0,215320.0,205996.0,209349.0,296408.0,274097.0,274804.0,277614.0,270249.0,213092.0,260062.0,275320.0,250082.0,229700.0,211337.0,223254.0,323039.0,291395.0,256385.0,313539.0,290196.0,226314.0,272479.0,278372.0,272377.0,247355.0,218365.0,250146.0,322913.0,315921.0,286931.0,339563.0,278866.0,245076.0,298002.0,262724.0,276567.0,256533.0,241399.0,243602.0,359683.0,290697.0,323952.0,327693.0,283080.0,253679.0,288035.0,272855.0,302636.0,253950.0,269429.0,261749.0,347433.0,314055.0,305057.0,341308.0,317848.0,316405.0,200134.0,252628.0,272674.0,237058.0,265702.0,268867.0,345523.0,310715.0,332962.0,325231.0,332788.0,313748.0,244622.0,284593.0,299127.0,283380.0,246300.0,239943.0,215119.0,120840.0,168148.0,220272.0,314938.0,251044.0,265227.0,274303.0,290150.0,311394.0,169754.0,194349.0,292349.0,229650.0,230635.0,274152.0,236393.0,193307.0,196972.0,178683.0,198258.0,227630.0
Greece,10437.0,6809.0,4672.0,13344.0,12536.0,9790.0,11624.0,10257.0,6052.0,10700.0,9772.0,9487.0,10977.0,10740.0,12853.0,15084.0,15594.0,14223.0,18672.0,14299.0,10991.0,14462.0,14819.0,15023.0,17558.0,14729.0,10355.0,20028.0,15235.0,17369.0,18901.0,14981.0,14954.0,18232.0,17496.0,19256.0,16456.0,16789.0,19237.0,15844.0,7223.0,7368.0,8515.0,6728.0,8997.0,13036.0,11222.0,16374.0,7552.0,8032.0,10360.0,12500.0,10500.0,10500.0,8500.0,7600.0,6800.0,7800.0,9400.0,10000.0,11839.0,8574.0,10268.0,12901.0,11171.0,11725.0,10995.0,8843.0,8426.0,11042.0,10059.0,9180.0,14036.0,10257.0,12437.0,14602.0,13907.0,11206.0,14852.0,9183.0,8942.0,11425.0,10968.0,8006.0,17457.0,11234.0,12315.0,17090.0,14721.0,14452.0,16363.0,10413.0,9951.0,13259.0,11461.0,11151.0,18486.0,14252.0,12300.0,22608.0,16501.0,15995.0,18826.0,11581.0,11268.0,12676.0,7677.0,17975.0,31024.0,17990.0,23591.0,24865.0,23176.0,24017.0,24916.0,16832.0,14094.0,20493.0,23886.0,16827.0,30515.0,25779.0,27460.0,27763.0,27989.0,27369.0,27398.0,21732.0,19846.0,20134.0,20006.0,14231.0,29440.0,22780.0,25033.0,25284.0,28780.0,27691.0,29251.0,21842.0,18331.0,20453.0,18851.0,12478.0,27021.0,21403.0,23348.0,29365.0,23403.0,23003.0,29109.0,19310.0,21154.0,21065.0,17655.0,12653.0,29858.0,20119.0,20176.0,23779.0,22736.0,24552.0,25938.0,18586.0,15385.0,23499.0,17834.0,14831.0,32006.0,22140.0,27231.0,28929.0,24528.0,31911.0,27595.0,19491.0,19782.0,20106.0,22003.0,13969.0,31742.0,20480.0,25616.0,26273.0,23733.0,25599.0,26379.0,20818.0,19418.0,18754.0,19145.0,11771.0,29792.0,21198.0,25069.0,23520.0,26427.0,26652.0,26643.0,19271.0,18355.0,19619.0,18520.0,12603.0,31685.0,19842.0,27786.0,22616.0,29251.0,28326.0,27868.0,21524.0,19369.0,21088.0,19976.0,10414.0,33583.0,23292.0,22396.0,28036.0,24739.0,26553.0,29046.0,19819.0,18825.0,19666.0,13402.0,7938.0,20247.0,15592.0,13373.0,14376.0,25997.0,23219.0,32627.0,22845.0,11956.0,11720.0,18091.0,9687.0,26585.0,13728.0,19053.0,12448.0,11928.0,14790.0,11539.0,7167.0,5994.0,7807.0,6771.0,3691.0,9747.0,6989.0,8531.0,10191.0,10076.0,9740.0,9940.0,7297.0,6718.0,5023.0,7890.0,5538.0,8451.0,3827.0,4901.0,4409.0,5314.0,5527.0,5757.0,3886.0,3463.0,5111.0,4164.0,3669.0,5533.0,4116.0,4493.0,5332.0,5242.0,5648.0,6462.0,3373.0,3814.0,4971.0,5464.0,4248.0,6385.0,4356.0,5866.0,5444.0,7459.0,7964.0,7627.0,3693.0,5055.0,6003.0,4983.0,6387.0,5848.0,4894.0,6529.0,7801.0,9070.0,8999.0,5447.0,4470.0,5125.0,4946.0,5859.0,6816.0,5700.0,3310.0,6316.0,9735.0,13489.0,8863.0,7034.0,4174.0,4595.0,4995.0,5897.0,4765.0,6460.0,5192.0,9445.0,8452.0,10666.0,10141.0,8421.0,5134.0,5947.0,6306.0,6523.0,5396.0,8885.0,6838.0,11053.0,10498.0,12467.0,12571.0,9124.0,7718.0,4922.0,7125.0,6893.0,5337.0,9210.0,7561.0,9518.0,12303.0,13832.0,13133.0,11839.0,9594.0,5899.0,7276.0,7464.0,6597.0,9785.0,7862.0,3743.0,2434.0,4497.0,8249.0,9516.0,6853.0,7107.0,6847.0,7641.0,6443.0,7766.0,6689.0,8984.0,10198.0,10850.0,13875.0,10586.0,6198.0,6612.0,6336.0,7165.0,5717.0
Ireland,11149.0,8328.0,8494.0,9331.0,10046.0,7922.0,7714.0,6080.0,4773.0,4278.0,2760.0,1709.0,9285.0,5962.0,7821.0,6574.0,9725.0,6256.0,6658.0,4691.0,3750.0,3357.0,2236.0,2125.0,7573.0,7106.0,9408.0,6985.0,6840.0,6348.0,8228.0,4670.0,4194.0,3279.0,2203.0,1581.0,9786.0,7508.0,6999.0,8023.0,6858.0,6178.0,6821.0,3780.0,3298.0,2959.0,1544.0,407.0,12898.0,9986.0,12668.0,7741.0,9638.0,7759.0,6849.0,4207.0,3951.0,2707.0,1575.0,423.0,13808.0,9974.0,12064.0,9536.0,9466.0,7937.0,8276.0,5835.0,4287.0,3442.0,1803.0,531.0,16939.0,14227.0,16342.0,12982.0,14131.0,9927.0,9792.0,6457.0,5392.0,4714.0,3352.0,944.0,20375.0,14825.0,16045.0,11922.0,15203.0,10664.0,11948.0,7526.0,6527.0,7272.0,6818.0,7537.0,22203.0,16757.0,17324.0,15731.0,17395.0,14179.0,14385.0,8227.0,7216.0,6512.0,3418.0,2355.0,26921.0,21247.0,24153.0,17318.0,18654.0,16630.0,15050.0,10661.0,9306.0,7279.0,4983.0,2040.0,41831.0,30149.0,32178.0,25391.0,26951.0,22782.0,17678.0,13044.0,9444.0,6678.0,3521.0,1148.0,33345.0,23458.0,22696.0,16671.0,18511.0,14436.0,12294.0,8804.0,5565.0,5377.0,2682.0,891.0,31074.0,24173.0,18803.0,15478.0,18455.0,11714.0,12453.0,8712.0,6382.0,5113.0,2126.0,1642.0,32653.0,19574.0,17827.0,15678.0,14839.0,11209.0,13209.0,6819.0,5957.0,4899.0,1779.0,780.0,32686.0,21056.0,23190.0,15883.0,15414.0,13255.0,12402.0,7281.0,6084.0,4441.0,1731.0,713.0,38329.0,24616.0,24690.0,17401.0,17517.0,14378.0,12369.0,8909.0,6993.0,4257.0,1666.0,617.0,42804.0,25469.0,25956.0,17258.0,17570.0,15428.0,12105.0,9062.0,6125.0,4027.0,1684.0,996.0,45818.0,26592.0,27883.0,16875.0,20489.0,15269.0,13092.0,8848.0,5712.0,3816.0,1443.0,488.0,47275.0,23987.0,21451.0,13263.0,10135.0,7884.0,16349.0,5237.0,3453.0,1741.0,644.0,188.0,15799.0,8880.0,7762.0,4373.0,5084.0,4808.0,3743.0,2400.0,2249.0,1530.0,520.0,305.0,16382.0,12098.0,13650.0,8469.0,8594.0,8404.0,6311.0,5036.0,4288.0,3259.0,1521.0,434.0,20998.0,12569.0,14391.0,8674.0,9440.0,11007.0,4079.0,3238.0,2767.0,1566.0,778.0,371.0,21309.0,11496.0,13054.0,6806.0,7701.0,6352.0,4424.0,3092.0,2483.0,1658.0,883.0,316.0,17260.0,10583.0,11649.0,6152.0,5948.0,1672.0,11639.0,3698.0,3161.0,1692.0,701.0,212.0,22891.0,12711.0,14297.0,7822.0,6272.0,1684.0,18711.0,4865.0,3900.0,2013.0,771.0,347.0,29781.0,15762.0,18910.0,9437.0,6902.0,1439.0,27564.0,6400.0,4766.0,2559.0,940.0,344.0,39722.0,21573.0,21529.0,10381.0,6499.0,1623.0,29873.0,7297.0,4707.0,2257.0,754.0,434.0,39003.0,17089.0,19890.0,7841.0,5992.0,1400.0,27707.0,5729.0,3897.0,1943.0,682.0,159.0,37024.0,17012.0,17728.0,8053.0,6056.0,1251.0,26958.0,5921.0,3192.0,1689.0,645.0,142.0,32370.0,15069.0,16687.0,8904.0,6320.0,1408.0,24681.0,5088.0,3418.0,2179.0,761.0,224.0,30650.0,13138.0,6007.0,343.0,1741.0,1006.0,21171.0,4808.0,5651.0,2296.0,913.0,601.0,25140.0,13698.0,9192.0,7147.0,5914.0,2762.0,26477.0,5966.0,4449.0,2680.0,1120.0,387.0
Italy,310337.0,219117.0,225059.0,214460.0,232627.0,201085.0,206843.0,107075.0,153386.0,183925.0,157300.0,95841.0,295463.0,207724.0,235431.0,192108.0,222099.0,192823.0,214440.0,95642.0,142955.0,196031.0,155815.0,99459.0,283098.0,206326.0,221829.0,256950.0,225667.0,234424.0,233381.0,79701.0,148800.0,190132.0,149815.0,142224.0,229296.0,183154.0,176998.0,154476.0,144114.0,152677.0,151722.0,66738.0,117298.0,123470.0,114782.0,80703.0,190600.0,146995.0,180480.0,135385.0,159862.0,155064.0,147648.0,72969.0,124464.0,131082.0,133057.0,94160.0,201101.0,153685.0,176242.0,141145.0,167637.0,160704.0,156020.0,80191.0,126996.0,117669.0,151358.0,98999.0,198031.0,163131.0,176517.0,152157.0,162802.0,148121.0,160157.0,73252.0,114835.0,144853.0,129949.0,108393.0,203844.0,194955.0,218653.0,228990.0,230824.0,219429.0,246597.0,108152.0,205014.0,228638.0,187804.0,130844.0,274825.0,226631.0,225438.0,229442.0,209554.0,211401.0,256570.0,99465.0,176288.0,180741.0,173521.0,114640.0,225578.0,217803.0,250956.0,222830.0,217650.0,230297.0,231643.0,94210.0,169448.0,183903.0,170778.0,123368.0,266008.0,241305.0,260354.0,213830.0,236919.0,198704.0,223328.0,111692.0,183109.0,188092.0,176504.0,123239.0,272052.0,224757.0,251698.0,220800.0,234929.0,217696.0,216093.0,107330.0,159740.0,198367.0,178826.0,131167.0,246886.0,198127.0,211779.0,193976.0,207677.0,180406.0,204490.0,100615.0,165982.0,192258.0,179355.0,198061.0,210582.0,212567.0,272215.0,183784.0,184855.0,190136.0,219442.0,89732.0,181015.0,190100.0,170131.0,142460.0,220742.0,207035.0,249711.0,208769.0,207022.0,198272.0,208794.0,86120.0,180445.0,175181.0,172213.0,150384.0,214440.0,197582.0,230473.0,197715.0,151133.0,236488.0,214088.0,98133.0,188417.0,186745.0,179411.0,142819.0,239651.0,211562.0,252901.0,187508.0,228643.0,209265.0,192084.0,97168.0,184405.0,189234.0,192725.0,140903.0,250311.0,225695.0,261371.0,207777.0,248195.0,228925.0,214194.0,104860.0,186381.0,207049.0,196125.0,162223.0,233708.0,218767.0,214246.0,203748.0,206407.0,186257.0,193017.0,77905.0,177467.0,169032.0,139413.0,141715.0,158459.0,166319.0,215443.0,189661.0,189879.0,210972.0,206335.0,85124.0,190389.0,196323.0,184099.0,166460.0,207267.0,201638.0,259115.0,160919.0,164704.0,171753.0,153886.0,69262.0,155231.0,140418.0,146088.0,131298.0,165172.0,161303.0,188598.0,158171.0,171642.0,169936.0,138510.0,70764.0,147021.0,133411.0,133283.0,111928.0,137744.0,131269.0,138816.0,130320.0,147938.0,129113.0,109616.0,56715.0,109543.0,117398.0,107058.0,87480.0,114102.0,108963.0,132753.0,116838.0,136850.0,122815.0,108339.0,53296.0,106940.0,111466.0,102871.0,89415.0,118464.0,118976.0,140189.0,119850.0,132312.0,128272.0,114793.0,53505.0,111027.0,122445.0,108546.0,92199.0,132109.0,135310.0,162181.0,149692.0,146267.0,142199.0,132473.0,59584.0,130818.0,133606.0,134790.0,110056.0,155851.0,173097.0,191409.0,168132.0,188657.0,166232.0,137223.0,72004.0,154393.0,147435.0,146397.0,125062.0,172035.0,184349.0,226780.0,160969.0,204806.0,188363.0,145944.0,83638.0,167469.0,158417.0,156886.0,121689.0,178323.0,182228.0,214247.0,171886.0,199693.0,175271.0,152949.0,91791.0,125354.0,147038.0,147386.0,124535.0,165271.0,178494.0,194302.0,174924.0,197882.0,172313.0,153336.0,89186.0,142532.0,157262.0,151001.0,140448.0,155869.0,163125.0,28415.0,4295.0,99842.0,132691.0,136769.0,88973.0,156357.0,157188.0,138612.0,119620.0,134197.0,143158.0,169885.0,145242.0,142930.0,149668.0,110511.0,64766.0,105312.0,101092.0,104512.0,86679.0
Luxembourg,2509.0,3805.0,4537.0,4043.0,3852.0,3390.0,3147.0,2287.0,2120.0,3608.0,3024.0,2100.0,2963.0,4577.0,5246.0,5265.0,4295.0,3802.0,3972.0,2328.0,2260.0,2329.0,2258.0,3770.0,2836.0,4740.0,4742.0,4892.0,3641.0,3536.0,2708.0,1750.0,2117.0,2411.0,2010.0,1865.0,2109.0,3748.0,4494.0,2856.0,2388.0,2279.0,2620.0,1672.0,1883.0,2207.0,1806.0,1612.0,1918.0,3487.0,3719.0,3525.0,2783.0,2803.0,2309.0,1513.0,1749.0,2062.0,1744.0,1470.0,1920.0,3386.0,3819.0,3133.0,2636.0,2255.0,2264.0,1584.0,1718.0,2053.0,1894.0,1367.0,1977.0,3189.0,3729.0,4071.0,3033.0,2479.0,2945.0,1474.0,1785.0,2284.0,1648.0,1366.0,2216.0,3836.0,3559.0,4011.0,2793.0,2677.0,2686.0,1634.0,1987.0,2414.0,1941.0,1664.0,2417.0,3675.0,4286.0,4451.0,3356.0,3032.0,3194.0,1890.0,2352.0,2806.0,2365.0,2104.0,3083.0,4394.0,5420.0,4349.0,3504.0,3606.0,3551.0,2231.0,2671.0,3030.0,2477.0,2160.0,2981.0,4627.0,5178.0,4720.0,4767.0,3509.0,3308.0,2401.0,2610.0,3047.0,2716.0,2032.0,3385.0,4372.0,5317.0,4240.0,4186.0,3802.0,3846.0,2686.0,2536.0,3545.0,2897.0,2021.0,3368.0,4713.0,5278.0,5276.0,4068.0,3779.0,3782.0,2191.0,2798.0,3565.0,2703.0,1882.0,3177.0,4669.0,5179.0,5261.0,4013.0,3415.0,3735.0,2427.0,2953.0,3757.0,2768.0,2266.0,3392.0,4332.0,6209.0,5792.0,4408.0,4338.0,4010.0,2527.0,3205.0,4015.0,3390.0,2616.0,3793.0,4888.0,5931.0,5312.0,4448.0,4299.0,3941.0,2773.0,3470.0,3837.0,3431.0,2394.0,4167.0,4223.0,5832.0,5507.0,5822.0,4916.0,4059.0,2801.0,3241.0,4018.0,3730.0,2521.0,3908.0,4506.0,6007.0,5612.0,4598.0,4621.0,4231.0,2929.0,3483.0,4688.0,3823.0,2926.0,3982.0,4152.0,5355.0,6419.0,5092.0,4902.0,4811.0,2918.0,4053.0,4488.0,3426.0,2761.0,3157.0,4165.0,4768.0,5875.0,4479.0,4028.0,4317.0,2579.0,3494.0,4301.0,3302.0,2800.0,3536.0,4081.0,5806.0,5941.0,5158.0,5155.0,4434.0,2538.0,3297.0,3832.0,3445.0,2503.0,3353.0,4410.0,5660.0,5221.0,5696.0,4256.0,4529.0,3018.0,3466.0,3923.0,3707.0,2642.0,3649.0,4543.0,5319.0,5373.0,4833.0,4939.0,4195.0,2899.0,3340.0,4454.0,3782.0,3072.0,3375.0,4090.0,4850.0,5160.0,4614.0,4320.0,3905.0,2554.0,3158.0,4499.0,3544.0,2555.0,3415.0,4123.0,4773.0,5220.0,5198.0,4416.0,4476.0,2944.0,3582.0,4522.0,3488.0,3636.0,3205.0,3783.0,4868.0,5046.0,4231.0,4548.0,4334.0,2636.0,3376.0,4398.0,3412.0,2636.0,3477.0,4448.0,5040.0,5233.0,5011.0,5106.0,4141.0,3359.0,3568.0,4275.0,3838.0,3065.0,4108.0,4042.0,5191.0,4864.0,5535.0,5206.0,4529.0,3429.0,3968.0,4670.0,4389.0,2844.0,4352.0,4565.0,5365.0,5371.0,5358.0,5627.0,4929.0,4187.0,2592.0,4297.0,3528.0,2615.0,4205.0,5041.0,5621.0,5622.0,5406.0,5197.0,4790.0,3810.0,3295.0,4874.0,3950.0,3112.0,4319.0,4792.0,2797.0,1187.0,3022.0,4634.0,5501.0,3670.0,4069.0,3950.0,3808.0,3355.0,3746.0,3741.0,4963.0,4327.0,4033.0,4471.0,3984.0,2792.0,2948.0,2952.0,3177.0,3232.0
Netherlands,84370.0,35007.0,58695.0,47200.0,47134.0,48831.0,33566.0,33974.0,33948.0,39386.0,31294.0,9222.0,78186.0,38235.0,51266.0,46335.0,48516.0,45831.0,37204.0,32063.0,32681.0,39484.0,31276.0,9678.0,89791.0,36998.0,43392.0,45008.0,39177.0,38004.0,35681.0,26295.0,33314.0,36746.0,35392.0,32172.0,44489.0,30685.0,39068.0,41231.0,34090.0,36693.0,34932.0,29258.0,30337.0,36054.0,26359.0,8708.0,65648.0,33758.0,46673.0,41556.0,37178.0,43357.0,31742.0,26619.0,33752.0,33573.0,29661.0,10487.0,69517.0,37168.0,46096.0,39175.0,40592.0,46896.0,31726.0,28749.0,31928.0,36646.0,30073.0,9376.0,68099.0,39920.0,46962.0,42183.0,46347.0,46346.0,38406.0,31299.0,33666.0,38311.0,31073.0,9377.0,71959.0,41221.0,45816.0,44378.0,42129.0,43933.0,38317.0,31920.0,35107.0,41942.0,30219.0,11349.0,75424.0,43752.0,48616.0,47517.0,47381.0,49311.0,49565.0,35408.0,44363.0,48147.0,40578.0,12916.0,91926.0,51787.0,60985.0,58839.0,54057.0,58666.0,51994.0,38784.0,48741.0,46688.0,39172.0,9848.0,88909.0,53660.0,66735.0,54935.0,58125.0,48437.0,40943.0,42239.0,43349.0,42978.0,40458.0,16857.0,70380.0,41757.0,56536.0,43492.0,49985.0,49796.0,45216.0,41755.0,40596.0,43796.0,38260.0,8662.0,70836.0,42523.0,47044.0,40361.0,44727.0,46950.0,39902.0,36259.0,40883.0,43153.0,37660.0,20404.0,68883.0,38727.0,44725.0,39652.0,45339.0,50363.0,40723.0,36377.0,42484.0,38132.0,32035.0,11401.0,69895.0,39021.0,46929.0,41583.0,38593.0,49182.0,38980.0,32257.0,40658.0,39418.0,34599.0,12630.0,70943.0,34161.0,45589.0,40985.0,37132.0,45056.0,38003.0,32898.0,43488.0,34987.0,33134.0,8776.0,69231.0,39817.0,50980.0,36830.0,41327.0,48673.0,36332.0,34110.0,39608.0,38892.0,35162.0,13008.0,68719.0,41382.0,51268.0,39025.0,42135.0,52575.0,39141.0,41303.0,40625.0,42251.0,38151.0,8963.0,66329.0,50326.0,47182.0,42247.0,45796.0,48233.0,40079.0,39596.0,41275.0,41875.0,29783.0,7197.0,56166.0,33936.0,34532.0,30261.0,30857.0,35460.0,33524.0,27825.0,33623.0,35618.0,27325.0,8025.0,62761.0,37566.0,44751.0,37543.0,36827.0,50681.0,38487.0,36522.0,45544.0,43572.0,36920.0,11393.0,74787.0,49019.0,56601.0,47637.0,49806.0,50499.0,42092.0,39062.0,44382.0,43635.0,41081.0,17243.0,70157.0,43968.0,52334.0,41033.0,47759.0,76120.0,30918.0,32996.0,31952.0,26775.0,30270.0,18214.0,47959.0,31900.0,35558.0,30405.0,30077.0,35039.0,30470.0,28294.0,31393.0,36307.0,40354.0,38918.0,44369.0,33300.0,29366.0,28282.0,30944.0,32700.0,29763.0,25523.0,29807.0,35112.0,32192.0,36214.0,47639.0,33421.0,28642.0,26996.0,27758.0,36838.0,33820.0,30838.0,35031.0,38819.0,40344.0,68779.0,40542.0,28096.0,29626.0,27610.0,28791.0,39249.0,31026.0,26846.0,33327.0,29814.0,32082.0,35505.0,51121.0,31986.0,36589.0,29182.0,36310.0,40785.0,32433.0,29093.0,35430.0,36443.0,37569.0,17365.0,58745.0,35015.0,41920.0,33852.0,36710.0,46746.0,36110.0,40918.0,29301.0,29763.0,34608.0,19842.0,47164.0,29780.0,38507.0,32701.0,36601.0,41026.0,33540.0,33724.0,37706.0,33772.0,39092.0,41604.0,44016.0,29665.0,29372.0,15322.0,14842.0,24754.0,34636.0,26294.0,29305.0,31786.0,33149.0,42290.0,34929.0,21617.0,24041.0,23844.0,25394.0,32937.0,26785.0,21646.0,24607.0,24085.0,27238.0,35708.0
Portugal,15258.0,15211.0,18873.0,17991.0,19080.0,19034.0,19211.0,15250.0,14075.0,17373.0,17337.0,22231.0,16276.0,16058.0,21542.0,19853.0,21636.0,20569.0,22635.0,16541.0,15234.0,18660.0,17247.0,22303.0,20108.0,20879.0,27751.0,32914.0,23376.0,20750.0,24229.0,18625.0,17698.0,20463.0,21958.0,28221.0,18757.0,19511.0,25891.0,23400.0,20620.0,20304.0,22418.0,16764.0,16139.0,16792.0,18516.0,23559.0,16408.0,18442.0,23895.0,19728.0,23372.0,22716.0,23778.0,14724.0,12068.0,14217.0,19140.0,24428.0,15642.0,15236.0,21351.0,18032.0,18930.0,20599.0,21323.0,14329.0,11220.0,13638.0,14430.0,16741.0,17231.0,17902.0,22849.0,19117.0,20180.0,18987.0,23346.0,13493.0,12541.0,16303.0,15814.0,20147.0,15960.0,17518.0,22156.0,18915.0,18797.0,18710.0,22389.0,13225.0,12854.0,16252.0,16239.0,20621.0,15853.0,17705.0,25295.0,21772.0,23549.0,23161.0,26050.0,15553.0,16677.0,19106.0,20999.0,22678.0,20503.0,24983.0,31682.0,25105.0,25392.0,26651.0,29679.0,17642.0,17302.0,18380.0,19623.0,15941.0,24666.0,22397.0,27018.0,22317.0,23662.0,25031.0,23711.0,19389.0,15380.0,17249.0,19381.0,17635.0,23316.0,19047.0,25607.0,20001.0,27799.0,27778.0,26916.0,16066.0,15462.0,17820.0,17690.0,17708.0,18960.0,19831.0,23478.0,18895.0,25972.0,24028.0,25442.0,13553.0,13729.0,15344.0,13730.0,13130.0,14951.0,15098.0,17721.0,17064.0,16861.0,17970.0,20340.0,11955.0,13170.0,13828.0,14709.0,16125.0,14446.0,14519.0,21176.0,16863.0,19457.0,19504.0,18725.0,12551.0,13662.0,14459.0,17324.0,14959.0,16524.0,15541.0,21118.0,16723.0,20288.0,26552.0,19202.0,11222.0,13506.0,14168.0,16056.0,15588.0,15631.0,15446.0,20886.0,17072.0,19033.0,21594.0,18402.0,11695.0,12399.0,14235.0,14704.0,13605.0,14463.0,14105.0,20880.0,16280.0,18788.0,23022.0,22554.0,11786.0,12994.0,15679.0,15917.0,15348.0,15845.0,17339.0,22045.0,18449.0,19757.0,20979.0,21576.0,12353.0,13822.0,14674.0,15386.0,21164.0,8995.0,10030.0,12758.0,12191.0,13113.0,16013.0,17151.0,10512.0,12094.0,15182.0,15588.0,17386.0,14558.0,15358.0,23836.0,16219.0,19250.0,26029.0,20299.0,11932.0,13918.0,15341.0,18606.0,28118.0,13221.0,13426.0,18930.0,14418.0,14714.0,17150.0,14269.0,8131.0,9205.0,9137.0,9555.0,11248.0,6959.0,6902.0,9643.0,8400.0,10668.0,10803.0,9256.0,5442.0,6357.0,7387.0,7133.0,6359.0,7021.0,7517.0,9624.0,8042.0,10093.0,12735.0,10843.0,6141.0,7369.0,9092.0,8810.0,8634.0,9261.0,10547.0,14152.0,12314.0,13782.0,15735.0,14169.0,7741.0,9707.0,11795.0,11719.0,11904.0,11840.0,14307.0,20081.0,15016.0,18345.0,21072.0,15545.0,9437.0,12623.0,13719.0,13376.0,13142.0,13940.0,18029.0,26459.0,15978.0,20851.0,23369.0,15632.0,10708.0,13960.0,14933.0,16483.0,16988.0,15028.0,18861.0,25980.0,18830.0,23653.0,24834.0,17572.0,11937.0,14857.0,15898.0,17626.0,17053.0,14509.0,20812.0,27908.0,21481.0,23634.0,26217.0,19987.0,15361.0,12786.0,13951.0,15500.0,16181.0,15684.0,18861.0,24900.0,21121.0,22724.0,25305.0,18436.0,12435.0,14558.0,15649.0,16400.0,17726.0,14423.0,20263.0,10596.0,2749.0,5741.0,11076.0,15209.0,12417.0,13186.0,13679.0,11826.0,14252.0,10029.0,8311.0,12699.0,14809.0,16661.0,18936.0,12323.0,7971.0,10786.0,10576.0,10928.0,12608.0
Spain,84556.0,84008.0,104633.0,88956.0,94306.0,92311.0,106009.0,73744.0,50630.0,75103.0,69007.0,64907.0,65552.0,67861.0,75468.0,80526.0,81963.0,82783.0,100196.0,58799.0,55603.0,78833.0,69033.0,70366.0,85388.0,87042.0,97057.0,91708.0,83994.0,94383.0,108809.0,49747.0,59442.0,71959.0,67258.0,85257.0,41261.0,58329.0,74220.0,64952.0,66604.0,74385.0,87226.0,47580.0,49590.0,55281.0,55469.0,69004.0,52895.0,61962.0,85921.0,69939.0,87627.0,95617.0,102184.0,64112.0,63152.0,69167.0,65902.0,91204.0,51560.0,64226.0,93162.0,72457.0,79981.0,101490.0,74138.0,50590.0,49646.0,59731.0,62432.0,74956.0,56179.0,72964.0,96087.0,74570.0,82716.0,79751.0,103510.0,51198.0,58887.0,78377.0,70332.0,86357.0,68126.0,73798.0,97643.0,89630.0,87990.0,93867.0,119551.0,59339.0,63397.0,87943.0,77652.0,97447.0,71844.0,87054.0,112099.0,100968.0,99559.0,116825.0,137966.0,65863.0,72632.0,105342.0,102690.0,119688.0,82247.0,108175.0,148330.0,113106.0,123534.0,146819.0,160737.0,82910.0,89780.0,112676.0,115778.0,122154.0,95880.0,121616.0,146921.0,123601.0,127261.0,145024.0,150755.0,84708.0,85637.0,99635.0,103601.0,96617.0,91723.0,116125.0,148031.0,122310.0,136136.0,150414.0,162780.0,88615.0,84269.0,111486.0,106677.0,107007.0,95941.0,105272.0,127218.0,112838.0,127692.0,125724.0,152938.0,79650.0,80809.0,111811.0,97469.0,114515.0,90541.0,98254.0,120753.0,120406.0,120649.0,138243.0,161545.0,82407.0,92528.0,120823.0,109711.0,126249.0,98857.0,120417.0,154790.0,125203.0,131355.0,158897.0,167670.0,88394.0,98290.0,118753.0,124385.0,130275.0,104795.0,119555.0,149559.0,133398.0,140705.0,161717.0,163004.0,96768.0,102854.0,107314.0,119438.0,129770.0,113410.0,126099.0,174117.0,129476.0,153658.0,169242.0,167450.0,102389.0,104771.0,125109.0,133002.0,135885.0,116423.0,120522.0,173716.0,121685.0,153396.0,166218.0,167426.0,99664.0,96754.0,129384.0,125206.0,144441.0,101621.0,121415.0,124702.0,123561.0,116112.0,114960.0,121496.0,58530.0,65594.0,77686.0,63122.0,72377.0,59385.0,62107.0,76501.0,67214.0,71160.0,96706.0,108221.0,58509.0,77373.0,98404.0,86639.0,90553.0,70130.0,91281.0,124756.0,93637.0,102874.0,121484.0,82169.0,44578.0,56282.0,61367.0,64515.0,68942.0,53634.0,66120.0,88397.0,71805.0,78871.0,83385.0,78914.0,47223.0,55572.0,57278.0,60395.0,66457.0,54961.0,64730.0,84427.0,56250.0,72444.0,73259.0,65325.0,48820.0,35148.0,44873.0,48155.0,51197.0,49675.0,58372.0,72678.0,62317.0,70546.0,72771.0,75027.0,39874.0,45175.0,60304.0,55451.0,60499.0,53436.0,68763.0,79928.0,80174.0,82483.0,90159.0,83365.0,45355.0,57010.0,76073.0,65122.0,73440.0,68119.0,86719.0,112304.0,82716.0,94031.0,111333.0,102923.0,55921.0,69852.0,80055.0,81650.0,88609.0,76334.0,97649.0,111511.0,100279.0,113671.0,123790.0,107306.0,64089.0,79591.0,83248.0,92653.0,96888.0,84515.0,97796.0,125600.0,101375.0,126411.0,131797.0,109947.0,72410.0,83291.0,94676.0,104170.0,102944.0,101661.0,110475.0,128180.0,116433.0,135525.0,142397.0,131182.0,107692.0,69128.0,88411.0,91063.0,99290.0,93538.0,100693.0,122659.0,119417.0,125623.0,130513.0,116673.0,74426.0,81746.0,93954.0,93155.0,105854.0,86442.0,94618.0,37643.0,4163.0,34338.0,82651.0,117930.0,66923.0,70728.0,74228.0,75706.0,105840.0,41961.0,58277.0,85817.0,78594.0,95399.0,96784.0,83898.0,47583.0,59641.0,59043.0,66399.0,86081.0
Sweden,21379.0,20879.0,25452.0,22028.0,23491.0,23321.0,12779.0,13837.0,16201.0,19898.0,16491.0,14185.0,12194.0,13399.0,17418.0,20602.0,19086.0,17391.0,11343.0,10669.0,14831.0,18403.0,17218.0,15754.0,13295.0,13634.0,16869.0,17115.0,15771.0,14855.0,10372.0,8383.0,10787.0,11368.0,9936.0,11788.0,8019.0,9549.0,13125.0,10919.0,10899.0,10115.0,6448.0,7787.0,10516.0,12195.0,12404.0,12458.0,10397.0,10714.0,16078.0,15750.0,15453.0,15646.0,7895.0,8837.0,12557.0,13642.0,14428.0,14978.0,13351.0,12823.0,17037.0,15284.0,15614.0,15642.0,8179.0,10237.0,14608.0,16696.0,15185.0,15100.0,10863.0,14665.0,14187.0,15920.0,16612.0,17001.0,12189.0,10893.0,14789.0,19961.0,19147.0,17593.0,13999.0,17331.0,20060.0,23328.0,18845.0,20884.0,15042.0,15243.0,18371.0,22458.0,20018.0,19684.0,17768.0,18631.0,21883.0,23978.0,21909.0,23706.0,17511.0,17193.0,20536.0,24137.0,22727.0,23451.0,17851.0,20313.0,27643.0,24769.0,26238.0,27040.0,20422.0,19196.0,23839.0,26362.0,27846.0,33730.0,16324.0,20163.0,29143.0,25544.0,32354.0,26031.0,19376.0,21987.0,24338.0,23297.0,23455.0,28517.0,16595.0,17926.0,23632.0,22969.0,25081.0,23867.0,14857.0,18421.0,18928.0,21388.0,21244.0,21673.0,16293.0,18848.0,22936.0,24311.0,24617.0,22861.0,17410.0,18618.0,22101.0,23249.0,22358.0,20987.0,19162.0,19261.0,25190.0,23664.0,25606.0,24560.0,18168.0,17585.0,21879.0,24889.0,20258.0,20984.0,16019.0,17681.0,25187.0,25494.0,23935.0,27179.0,16703.0,17837.0,22460.0,22652.0,23676.0,25423.0,16547.0,19073.0,23936.0,25718.0,25438.0,26454.0,17186.0,20361.0,25076.0,24894.0,24617.0,25001.0,17128.0,18568.0,25560.0,25809.0,28827.0,28320.0,18895.0,22241.0,24472.0,24251.0,24816.0,23879.0,20599.0,20326.0,27477.0,27169.0,30016.0,26462.0,20588.0,23062.0,23806.0,28839.0,27705.0,30750.0,17033.0,21250.0,23540.0,27478.0,26251.0,23959.0,16902.0,17721.0,22777.0,22299.0,17616.0,17156.0,11299.0,14603.0,18035.0,18249.0,18215.0,22393.0,14551.0,15542.0,19244.0,21783.0,20126.0,19368.0,15523.0,17972.0,25652.0,25668.0,24994.0,28270.0,20375.0,22376.0,25912.0,26420.0,26752.0,29770.0,19244.0,20993.0,29527.0,28940.0,30853.0,27485.0,19621.0,24368.0,26605.0,25052.0,26894.0,25402.0,18686.0,20735.0,28555.0,23336.0,25759.0,25562.0,18076.0,21065.0,21937.0,24028.0,25052.0,27108.0,15721.0,17860.0,22493.0,24175.0,25782.0,22869.0,18161.0,21616.0,24388.0,25332.0,24738.0,26423.0,18673.0,21525.0,27605.0,27543.0,27652.0,28749.0,20473.0,24274.0,26142.0,28252.0,25916.0,27144.0,20408.0,23735.0,31590.0,30536.0,29458.0,32257.0,24139.0,26877.0,29653.0,31563.0,31352.0,33540.0,21648.0,26869.0,34712.0,33580.0,34475.0,36307.0,24197.0,27316.0,32292.0,31840.0,31801.0,37281.0,23282.0,27735.0,38387.0,30476.0,35326.0,38324.0,24722.0,29915.0,31672.0,32112.0,32484.0,34958.0,22980.0,27211.0,37206.0,34215.0,37687.0,66244.0,12504.0,24670.0,19111.0,23088.0,25813.0,23000.0,20478.0,23146.0,30256.0,30253.0,31919.0,31830.0,23657.0,29477.0,26758.0,29631.0,30502.0,48129.0,16798.0,21694.0,27649.0,18916.0,15881.0,24747.0,22718.0,25522.0,28719.0,28147.0,26571.0,34662.0,20573.0,22837.0,47460.0,21873.0,24327.0,36095.0,16778.0,19808.0,22634.0,19962.0,21056.0,27605.0
United Kingdom,206393.0,167420.0,208733.0,166913.0,173896.0,142697.0,45707.0,432867.0,153595.0,130377.0,117499.0,62837.0,163534.0,124342.0,168854.0,126588.0,120162.0,98204.0,36101.0,367646.0,126906.0,101107.0,100608.0,58274.0,153681.0,109414.0,143115.0,138106.0,121862.0,102566.0,33051.0,373804.0,121823.0,109373.0,106902.0,79903.0,164939.0,126984.0,161338.0,135469.0,136386.0,113919.0,35376.0,440206.0,136100.0,126305.0,127674.0,73730.0,198525.0,145710.0,185201.0,142009.0,150070.0,134748.0,34489.0,452566.0,144998.0,122526.0,126854.0,73237.0,191186.0,152329.0,181849.0,138770.0,152658.0,134901.0,33459.0,468945.0,140069.0,136605.0,143055.0,71540.0,191761.0,159013.0,180275.0,162618.0,165685.0,141266.0,39150.0,479407.0,138059.0,154733.0,135342.0,78141.0,206985.0,163492.0,179985.0,182747.0,169886.0,151620.0,36069.0,525539.0,160739.0,156706.0,152323.0,84634.0,232055.0,177133.0,213374.0,171690.0,172851.0,169789.0,37896.0,505312.0,163380.0,155263.0,152314.0,96346.0,181842.0,84040.0,370060.0,183047.0,175898.0,196442.0,167324.0,74444.0,386999.0,149614.0,143323.0,84582.0,185040.0,73735.0,401996.0,168200.0,194113.0,193360.0,155108.0,72708.0,353494.0,153541.0,162572.0,107803.0,187908.0,79151.0,408024.0,179996.0,198620.0,215325.0,173038.0,77368.0,443265.0,185325.0,184278.0,126471.0,205476.0,93515.0,423727.0,208976.0,208669.0,207330.0,195637.0,87245.0,432661.0,184145.0,171674.0,144576.0,186769.0,88096.0,438075.0,194312.0,200059.0,240174.0,196762.0,89338.0,439365.0,181589.0,169059.0,155452.0,197591.0,91460.0,466954.0,187003.0,194480.0,239077.0,187632.0,84996.0,430763.0,170866.0,172094.0,144353.0,181474.0,77092.0,442939.0,179457.0,187900.0,227623.0,175277.0,83066.0,417052.0,152497.0,158474.0,156866.0,157363.0,75996.0,435847.0,163216.0,190002.0,219497.0,168015.0,77961.0,413991.0,153851.0,155315.0,133810.0,165603.0,73586.0,449287.0,170163.0,185797.0,222863.0,176277.0,77649.0,419290.0,166797.0,158735.0,137960.0,162097.0,69610.0,451642.0,175668.0,179272.0,209190.0,153420.0,63225.0,330295.0,128352.0,100333.0,108691.0,112087.0,54359.0,313912.0,133475.0,134858.0,176264.0,157149.0,67006.0,367929.0,168942.0,158082.0,150936.0,145479.0,68686.0,397383.0,148793.0,153095.0,195226.0,136446.0,55305.0,335246.0,131495.0,139875.0,123817.0,128811.0,63424.0,366101.0,137746.0,150431.0,183125.0,131634.0,59346.0,332476.0,134944.0,134027.0,119188.0,128853.0,61868.0,372835.0,142322.0,162288.0,189514.0,143884.0,59433.0,359612.0,151252.0,149191.0,123557.0,143643.0,66749.0,394806.0,163357.0,180111.0,214957.0,162228.0,65937.0,403136.0,157314.0,159581.0,152918.0,154562.0,68736.0,464824.0,176820.0,194032.0,228291.0,172907.0,72163.0,425861.0,179714.0,172327.0,166198.0,164856.0,76958.0,492774.0,185778.0,198706.0,257817.0,178420.0,79060.0,462517.0,177664.0,178876.0,180077.0,169678.0,83395.0,518707.0,189505.0,203585.0,255766.0,178523.0,81640.0,469696.0,180168.0,184101.0,178022.0,174564.0,83115.0,562337.0,152076.0,186265.0,243454.0,161997.0,76433.0,426170.0,158192.0,163541.0,152473.0,163615.0,80805.0,474069.0,167911.0,192649.0,234945.0,163898.0,94094.0,338834.0,153599.0,158639.0,144089.0,161013.0,81969.0,458054.0,161064.0,183724.0,223421.0,157198.0,92573.0,343255.0,143251.0,156621.0,148997.0,149279.0,79594.0,254684.0,4321.0,20247.0,145377.0,174887.0,87226.0,328041.0,140945.0,113781.0,132682.0,90249.0,51312.0,283964.0,141583.0,156737.0,186128.0,123296.0,68033.0,215312.0,106265.0,115706.0,108596.0
Norway,5335.0,4909.0,5598.0,4950.0,6074.0,5881.0,5002.0,4845.0,4951.0,5887.0,5248.0,3221.0,4336.0,4092.0,4533.0,5838.0,4705.0,4719.0,4524.0,3909.0,4590.0,5532.0,4501.0,2975.0,5288.0,4441.0,5379.0,4507.0,5492.0,5281.0,5460.0,4016.0,5135.0,5596.0,4614.0,4155.0,5541.0,4434.0,4734.0,4568.0,5000.0,4883.0,6054.0,4822.0,5466.0,5720.0,5139.0,4461.0,6537.0,5763.0,6830.0,7558.0,7757.0,8026.0,7852.0,6279.0,7318.0,7472.0,7911.0,5764.0,7652.0,6664.0,8743.0,6904.0,9075.0,8454.0,8865.0,7388.0,7482.0,8456.0,7355.0,3464.0,10221.0,9935.0,12229.0,10642.0,11723.0,10797.0,12472.0,8640.0,9137.0,11845.0,9654.0,7699.0,11236.0,9659.0,8806.0,12499.0,11681.0,11518.0,12223.0,9306.0,9739.0,11048.0,9842.0,10180.0,8050.0,8423.0,11306.0,10839.0,12650.0,11457.0,12658.0,8996.0,9461.0,9317.0,8839.0,5981.0,8233.0,7719.0,9341.0,8507.0,8095.0,9165.0,10292.0,7366.0,8299.0,8443.0,8794.0,7024.0,9656.0,7972.0,9098.0,7668.0,9871.0,8485.0,8975.0,7465.0,7161.0,7280.0,7500.0,6245.0,7878.0,6664.0,8233.0,7188.0,8671.0,7889.0,8891.0,7789.0,7058.0,8342.0,7491.0,5822.0,7386.0,7024.0,7068.0,8833.0,7912.0,7324.0,8724.0,7273.0,6985.0,8089.0,6781.0,5322.0,6976.0,6544.0,6940.0,7024.0,8164.0,7725.0,8692.0,6818.0,7658.0,9072.0,8030.0,6278.0,8202.0,8326.0,10961.0,9405.0,9161.0,9262.0,9981.0,8165.0,9320.0,10031.0,10455.0,12376.0,7375.0,8325.0,9493.0,10089.0,9714.0,9879.0,9690.0,8544.0,8795.0,8884.0,9180.0,9939.0,7458.0,7345.0,9819.0,8350.0,10415.0,9538.0,10154.0,8793.0,8842.0,8673.0,8744.0,11033.0,12685.0,9793.0,11264.0,8854.0,12007.0,11083.0,12062.0,10786.0,9340.0,11646.0,10453.0,9222.0,9901.0,10567.0,9506.0,11704.0,10217.0,9670.0,9605.0,7833.0,8453.0,8390.0,6952.0,7819.0,5353.0,6287.0,7601.0,7504.0,7421.0,7581.0,9394.0,7967.0,9530.0,10187.0,9600.0,10250.0,9697.0,9094.0,11486.0,10677.0,9896.0,11119.0,11507.0,10414.0,11137.0,10683.0,11908.0,10136.0,10372.0,10543.0,12901.0,11330.0,13005.0,10354.0,11189.0,11464.0,11737.0,11543.0,12357.0,11550.0,10838.0,10925.0,13051.0,10876.0,12612.0,11053.0,11920.0,11790.0,11134.0,12413.0,11986.0,9369.0,11639.0,11322.0,10735.0,13988.0,12012.0,10948.0,11312.0,11660.0,12168.0,12893.0,12079.0,11395.0,11385.0,11246.0,13861.0,12115.0,12337.0,11441.0,11690.0,11444.0,11585.0,12963.0,11486.0,12649.0,10523.0,10685.0,14159.0,12782.0,12036.0,14207.0,12394.0,12604.0,12421.0,13197.0,12600.0,13078.0,10991.0,12222.0,13875.0,14116.0,12864.0,13681.0,11040.0,13232.0,13854.0,11932.0,13194.0,13602.0,13055.0,11788.0,13398.0,11339.0,14175.0,14228.0,11476.0,13415.0,13484.0,12472.0,13743.0,16077.0,9207.0,10191.0,14401.0,14055.0,13046.0,15845.0,9611.0,14524.0,10620.0,11655.0,12313.0,12461.0,9004.0,11106.0,18375.0,11255.0,13117.0,15352.0,9178.0,12073.0,11157.0,10479.0,10031.0,11254.0,9561.0,10346.0,12451.0,7425.0,7998.0,11443.0,9772.0,10802.0,15552.0,12948.0,12533.0,20574.0,10301.0,10687.0,15321.0,13166.0,14063.0,20392.0,10507.0,16427.0,17992.0,11579.0,15274.0,20567.0
Switzerland,27768.0,29493.0,38580.0,33395.0,29203.0,36682.0,21332.0,20589.0,24780.0,28318.0,18707.0,21052.0,24608.0,23609.0,31697.0,33938.0,34526.0,34643.0,19955.0,23707.0,22862.0,22870.0,21793.0,19160.0,23186.0,26831.0,30109.0,35870.0,28041.0,29204.0,21460.0,17322.0,18979.0,24198.0,18654.0,15279.0,20898.0,20404.0,28328.0,29385.0,26462.0,26867.0,20506.0,15880.0,19215.0,21053.0,16684.0,13761.0,20948.0,19582.0,25372.0,29659.0,30774.0,30465.0,18798.0,17498.0,19773.0,21299.0,18599.0,15270.0,23255.0,19931.0,25272.0,29514.0,30439.0,28560.0,20389.0,16883.0,18500.0,24251.0,18798.0,12200.0,26567.0,20237.0,23996.0,32407.0,29426.0,30027.0,20906.0,15406.0,19706.0,19518.0,18467.0,16232.0,22553.0,18696.0,27443.0,30106.0,26698.0,30363.0,19956.0,19992.0,20415.0,20353.0,22634.0,13606.0,20880.0,22049.0,25328.0,30668.0,29498.0,29325.0,25028.0,20929.0,20884.0,25436.0,26739.0,20181.0,23863.0,20075.0,29888.0,33875.0,30418.0,34318.0,27827.0,22152.0,24164.0,25076.0,24572.0,20648.0,21502.0,23789.0,33425.0,31327.0,33875.0,28910.0,26734.0,24218.0,24186.0,25151.0,19959.0,23443.0,23810.0,23201.0,31410.0,30985.0,33419.0,30687.0,27289.0,23579.0,21884.0,24720.0,25704.0,19953.0,22015.0,21768.0,28091.0,29956.0,29676.0,29424.0,26696.0,19841.0,21730.0,23791.0,21425.0,20652.0,19677.0,18286.0,23582.0,26641.0,26014.0,28320.0,25331.0,18575.0,20582.0,22736.0,20898.0,19667.0,18434.0,18486.0,26002.0,27037.0,26618.0,28132.0,23101.0,19152.0,19739.0,21080.0,21229.0,20375.0,18008.0,16945.0,24843.0,28243.0,24915.0,27055.0,22009.0,18475.0,21522.0,20838.0,20814.0,21274.0,18589.0,17458.0,26950.0,24359.0,27575.0,29778.0,21662.0,17608.0,19646.0,21179.0,22017.0,22631.0,18292.0,18734.0,26100.0,24750.0,27025.0,31121.0,24866.0,21211.0,20762.0,24329.0,24815.0,22683.0,21642.0,21825.0,23631.0,29163.0,26982.0,29626.0,26131.0,19118.0,21814.0,24365.0,20325.0,23935.0,17831.0,17616.0,23664.0,24940.0,23007.0,26805.0,24015.0,17973.0,21132.0,22900.0,22018.0,24148.0,18908.0,18571.0,28450.0,25722.0,24809.0,31602.0,25355.0,19895.0,22101.0,24422.0,24819.0,27799.0,20557.0,22453.0,30285.0,27614.0,29420.0,27919.0,25464.0,21740.0,26401.0,26802.0,28487.0,29704.0,23649.0,23283.0,32700.0,28437.0,29176.0,39971.0,24156.0,21943.0,21067.0,26361.0,26674.0,28531.0,21285.0,22188.0,28638.0,28047.0,27093.0,28772.0,25923.0,20886.0,22518.0,26310.0,24772.0,29496.0,20374.0,21873.0,26296.0,27541.0,25772.0,27715.0,27267.0,19665.0,21630.0,26209.0,23471.0,32297.0,18520.0,22452.0,31410.0,28663.0,27431.0,32855.0,29769.0,23311.0,24004.0,25171.0,26015.0,32068.0,20379.0,22571.0,29024.0,28497.0,25855.0,31105.0,25915.0,21735.0,25994.0,23207.0,26152.0,34861.0,19497.0,22688.0,30491.0,25667.0,28101.0,31887.0,24548.0,22963.0,24497.0,24480.0,26510.0,30667.0,21860.0,22230.0,28187.0,26425.0,27708.0,31467.0,25291.0,21460.0,20507.0,22679.0,24032.0,27289.0,21002.0,22358.0,29255.0,28309.0,28208.0,28405.0,25214.0,19526.0,24216.0,26029.0,24226.0,34508.0,18940.0,19168.0,17751.0,9278.0,13917.0,24506.0,22437.0,16278.0,21430.0,21038.0,22787.0,29173.0,15404.0,16214.0,25275.0,21995.0,19974.0,26020.0,19241.0,16446.0,19673.0,15057.0,18804.0,24252.0
Iceland,,,,,,,,,,,,,,,,,,,,,,,,,,,,,,,,,,,,,,,,,,,,,,,,,,,,,,,,,,,,,274.0,433.0,632.0,594.0,798.0,828.0,595.0,499.0,497.0,509.0,473.0,326.0,470.0,573.0,754.0,669.0,911.0,935.0,775.0,648.0,678.0,677.0,579.0,373.0,659.0,707.0,566.0,1058.0,1036.0,1140.0,1198.0,775.0,838.0,967.0,698.0,504.0,853.0,821.0,920.0,1182.0,1448.0,1657.0,1611.0,993.0,1166.0,1234.0,1008.0,700.0,1035.0,1140.0,1607.0,1432.0,1440.0,1968.0,1794.0,1161.0,1159.0,923.0,959.0,759.0,1105.0,1023.0,1161.0,1104.0,1630.0,1908.0,1235.0,1198.0,1071.0,848.0,736.0,550.0,643.0,532.0,657.0,703.0,812.0,1162.0,602.0,541.0,426.0,501.0,394.0,272.0,423.0,418.0,410.0,530.0,906.0,1081.0,725.0,567.0,474.0,636.0,425.0,348.0,639.0,657.0,688.0,748.0,1198.0,1400.0,1103.0,681.0,766.0,804.0,692.0,509.0,730.0,742.0,954.0,988.0,1196.0,1799.0,1229.0,779.0,938.0,805.0,905.0,903.0,1314.0,1091.0,1169.0,1558.0,2011.0,2543.0,1807.0,1407.0,1371.0,1328.0,1336.0,1125.0,1479.0,1683.0,2172.0,1275.0,1765.0,2612.0,1394.0,1080.0,1139.0,965.0,947.0,618.0,968.0,953.0,1182.0,1107.0,1950.0,2327.0,1486.0,1360.0,1115.0,1279.0,1365.0,850.0,1432.0,1035.0,855.0,622.0,1206.0,1991.0,578.0,429.0,584.0,181.0,74.0,46.0,126.0,91.0,73.0,71.0,185.0,722.0,374.0,135.0,95.0,76.0,63.0,102.0,88.0,77.0,156.0,79.0,390.0,1135.0,435.0,102.0,110.0,125.0,184.0,225.0,197.0,130.0,208.0,293.0,1062.0,1166.0,444.0,299.0,283.0,319.0,374.0,263.0,320.0,323.0,433.0,726.0,1536.0,1516.0,574.0,473.0,470.0,519.0,496.0,544.0,460.0,380.0,493.0,579.0,1424.0,1468.0,635.0,429.0,350.0,467.0,299.0,290.0,538.0,494.0,535.0,683.0,2156.0,1965.0,742.0,493.0,552.0,547.0,412.0,403.0,678.0,628.0,977.0,1304.0,2612.0,2572.0,1163.0,836.0,796.0,807.0,793.0,842.0,1213.0,1044.0,1333.0,2260.0,3392.0,2855.0,1611.0,1181.0,1027.0,897.0,954.0,706.0,1231.0,1341.0,2078.0,2054.0,3849.0,3148.0,1832.0,1523.0,1228.0,1109.0,1027.0,904.0,1624.0,1159.0,1834.0,1812.0,2857.0,2596.0,1689.0,1464.0,935.0,803.0,722.0,481.0,847.0,800.0,1074.0,1196.0,2013.0,1358.0,1024.0,803.0,717.0,659.0,641.0,587.0,710.0,694.0,1078.0,374.0,515.0,824.0,1480.0,580.0,1015.0,739.0,557.0,803.0,579.0,554.0,957.0,781.0,1339.0,1835.0,1742.0,845.0,1173.0,788.0,968.0,1237.0
Czech Republic,,,,,,,,,,,,,,,,,,,,,,,,,,,,,,,,,,,,,,,,,,,,,,,,,,,,,,,,,,,,,,,,,,,,,,,,,,,,,,,,,,,,,,,,,,,,,,,,,,,,,,,,,,,,,,,,,,,,,,,,,,,,,,,,,,,,,,,,,,,,,,,,,,,,,,,,,,,,,9094.0,10776.0,14437.0,13640.0,14501.0,15112.0,13101.0,10970.0,13134.0,13425.0,12192.0,12599.0,8356.0,11248.0,12599.0,13026.0,13032.0,14063.0,11477.0,10391.0,11975.0,12198.0,12629.0,12628.0,9944.0,8909.0,12723.0,14624.0,15923.0,15489.0,11887.0,12537.0,10556.0,12712.0,12929.0,13466.0,10098.0,10519.0,13892.0,13891.0,16114.0,14520.0,12357.0,12677.0,11181.0,14212.0,14052.0,13173.0,11921.0,11768.0,14944.0,15061.0,16397.0,16247.0,14736.0,13333.0,12076.0,16259.0,15750.0,15964.0,14016.0,13600.0,15518.0,18716.0,15142.0,17466.0,16385.0,12955.0,15260.0,16167.0,14025.0,13304.0,11309.0,11928.0,13921.0,17963.0,14240.0,16157.0,14105.0,12159.0,12142.0,14061.0,14985.0,14738.0,10830.0,11106.0,17473.0,15283.0,15920.0,18571.0,11410.0,12112.0,13296.0,13166.0,15258.0,15155.0,11692.0,12879.0,17534.0,14650.0,15502.0,16188.0,12131.0,14131.0,13005.0,14877.0,15962.0,15044.0,12912.0,13542.0,17062.0,16586.0,15975.0,18138.0,11157.0,13193.0,12475.0,15962.0,14203.0,12783.0,12073.0,10562.0,13823.0,15063.0,14821.0,14484.0,14534.0,11596.0,13208.0,15346.0,14697.0,14539.0,13638.0,12779.0,16576.0,17498.0,15396.0,18171.0,17700.0,13937.0,15775.0,17791.0,16365.0,16688.0,15727.0,16383.0,21155.0,20568.0,18113.0,21315.0,21415.0,18278.0,18056.0,19658.0,20421.0,19768.0,17499.0,19300.0,22799.0,23131.0,24335.0,25714.0,18739.0,21251.0,19946.0,21905.0,23161.0,21913.0,20818.0,20455.0,26786.0,22749.0,27009.0,26634.0,19649.0,21192.0,20219.0,23192.0,22925.0,19967.0,23219.0,20201.0,24453.0,24259.0,25720.0,25932.0,21638.0,27830.0,14532.0,19704.0,19283.0,14666.0,19278.0,18847.0,21491.0,22921.0,24059.0,21902.0,21816.0,25026.0,15770.0,19935.0,20163.0,18707.0,19132.0,17377.0,13685.0,10679.0,13385.0,20771.0,19770.0,16611.0,16909.0,16835.0,17484.0,20333.0,14794.0,14687.0,20053.0,18976.0,21734.0,22561.0,18405.0,16449.0,14165.0,12670.0,16174.0,16242.0
Estonia,,,,,,,,,,,,,,,,,,,,,,,,,,,,,,,,,,,,,,,,,,,,,,,,,,,,,,,,,,,,,,,,,,,,,,,,,,,,,,,,,,,,,,,,,,,,,,,,,,,,,,,,,,,,,,,,,,,,,,,,,,,,,,,,,,,,,,,,,,,,,,,,,,,,,,,,,,,,,1229.0,984.0,1240.0,1493.0,1493.0,1329.0,1444.0,1177.0,1357.0,1486.0,1248.0,1122.0,1378.0,1095.0,1445.0,2050.0,1730.0,1278.0,1272.0,1135.0,1268.0,1362.0,1322.0,1101.0,1467.0,1199.0,1697.0,2009.0,1933.0,1900.0,1670.0,1551.0,1605.0,1481.0,1708.0,1420.0,1886.0,1537.0,1807.0,2105.0,2815.0,2448.0,2095.0,2355.0,2062.0,2253.0,2251.0,1749.0,2704.0,2134.0,2812.0,2882.0,3230.0,3029.0,2649.0,2566.0,2211.0,2570.0,2461.0,1664.0,2706.0,2198.0,2531.0,2797.0,2697.0,2267.0,2337.0,1596.0,1679.0,1710.0,1120.0,941.0,1017.0,792.0,895.0,1164.0,875.0,982.0,714.0,599.0,812.0,728.0,671.0,697.0,759.0,562.0,864.0,861.0,911.0,896.0,891.0,795.0,969.0,1067.0,956.0,764.0,1323.0,936.0,1486.0,1538.0,1722.0,1458.0,1291.0,1427.0,1541.0,1523.0,1690.0,1135.0,1671.0,1303.0,1684.0,1765.0,1942.0,1966.0,1794.0,1518.0,1548.0,1630.0,1560.0,1043.0,1713.0,1364.0,1630.0,1936.0,2003.0,1702.0,1811.0,1589.0,1569.0,1798.0,1577.0,1002.0,1622.0,1424.0,1699.0,2043.0,1987.0,1894.0,1942.0,1639.0,1832.0,2083.0,1981.0,989.0,1692.0,1239.0,1993.0,2025.0,1748.0,2065.0,1944.0,1565.0,1846.0,1950.0,1611.0,1355.0,1788.0,1671.0,2085.0,2235.0,2279.0,2022.0,1937.0,1850.0,1959.0,1910.0,1880.0,1381.0,2042.0,1653.0,2348.0,2344.0,2592.0,2728.0,2068.0,2079.0,1976.0,2148.0,2106.0,1534.0,2504.0,1992.0,2333.0,2466.0,2652.0,2630.0,2256.0,2721.0,1573.0,1778.0,2120.0,1272.0,2327.0,1844.0,2338.0,2585.0,2953.0,2531.0,2546.0,2628.0,1778.0,2089.0,2051.0,1915.0,2292.0,1753.0,1731.0,831.0,1107.0,1672.0,2057.0,1516.0,1733.0,1553.0,1545.0,1488.0,2006.0,1725.0,2169.0,2403.0,2214.0,2652.0,2316.0,1517.0,1782.0,1349.0,1448.0,1027.0
Hungary,,,,,,,,,,,,,,,,,,,,,,,,,,,,,,,,,,,,,,,,,,,,,,,,,,,,,,,,,,,,,,,,,,,,,,,,,,,,,,,,,,,,,,,,,,,,,,,,,,,,,,,,,,,,,,,,,,,,,,,,,,,,,,,,,,,,,,,,,,,,,,,,,,,,,,,,,,,,,11986.0,15833.0,19399.0,17648.0,18317.0,18450.0,18073.0,16670.0,16492.0,18842.0,18713.0,18003.0,12123.0,12874.0,20719.0,21340.0,18793.0,18550.0,17739.0,14758.0,16368.0,16651.0,17421.0,19719.0,10664.0,14152.0,17384.0,16469.0,17005.0,18992.0,16910.0,15788.0,17311.0,16318.0,19744.0,18245.0,12153.0,14777.0,18010.0,17008.0,17541.0,18029.0,14591.0,13641.0,15538.0,15679.0,15818.0,14891.0,13006.0,12388.0,15713.0,13442.0,14100.0,16193.0,15446.0,15133.0,13827.0,15341.0,14142.0,12930.0,12492.0,13332.0,13967.0,14620.0,13222.0,14621.0,13971.0,11223.0,13287.0,12872.0,10069.0,9602.0,6077.0,7217.0,9356.0,6715.0,4512.0,5901.0,3656.0,2425.0,3189.0,3366.0,3466.0,4309.0,2781.0,3041.0,4392.0,3662.0,3402.0,4259.0,4362.0,3000.0,3554.0,3644.0,3477.0,3902.0,3429.0,3547.0,4454.0,3701.0,3829.0,4205.0,3719.0,3428.0,3500.0,3511.0,4510.0,3261.0,4935.0,4260.0,4766.0,4287.0,4581.0,4956.0,4474.0,3537.0,3525.0,4045.0,4645.0,5048.0,3654.0,3839.0,5063.0,4623.0,5006.0,4982.0,5037.0,4165.0,4679.0,5122.0,4943.0,5026.0,4373.0,4957.0,6163.0,5516.0,5739.0,6255.0,6129.0,4769.0,5480.0,6115.0,5901.0,6079.0,4880.0,5902.0,6284.0,6736.0,5874.0,7347.0,7011.0,4996.0,6268.0,8189.0,6590.0,7094.0,5568.0,6627.0,7502.0,8063.0,8517.0,9696.0,8064.0,7177.0,8225.0,7951.0,9415.0,9750.0,6420.0,8003.0,9924.0,8681.0,10956.0,10866.0,9334.0,8915.0,9602.0,10363.0,12369.0,10832.0,8894.0,9967.0,12761.0,12054.0,12874.0,14206.0,12045.0,12934.0,8887.0,10922.0,11372.0,9685.0,9716.0,11229.0,13394.0,12421.0,14213.0,13575.0,15285.0,15616.0,9655.0,12449.0,14214.0,16139.0,10114.0,11077.0,11477.0,6188.0,6471.0,10355.0,12047.0,10924.0,11449.0,11951.0,13265.0,12713.0,8868.0,10896.0,12433.0,10555.0,10698.0,11366.0,10568.0,9643.0,9526.0,9130.0,9495.0,8742.0
Latvia,,,,,,,,,,,,,,,,,,,,,,,,,,,,,,,,,,,,,,,,,,,,,,,,,,,,,,,,,,,,,,,,,,,,,,,,,,,,,,,,,,,,,,,,,,,,,,,,,,,,,,,,,,,,,,,,,,,,,,,,,,,,,,,,,,,,,,,,,,,,,,,,,,,,,,,,,,,,,548.0,512.0,668.0,633.0,889.0,781.0,813.0,714.0,731.0,830.0,699.0,895.0,715.0,628.0,963.0,1331.0,904.0,731.0,906.0,949.0,924.0,978.0,993.0,1195.0,860.0,983.0,1097.0,1339.0,1570.0,1425.0,1657.0,1406.0,1380.0,1470.0,1666.0,1749.0,1351.0,1365.0,1850.0,2037.0,2416.0,2309.0,2011.0,2192.0,2131.0,2374.0,2725.0,2821.0,2601.0,2511.0,2783.0,2838.0,3361.0,3226.0,2856.0,2699.0,2298.0,2687.0,2621.0,2290.0,2227.0,1870.0,1893.0,2250.0,1851.0,1756.0,1850.0,1555.0,1294.0,1202.0,1063.0,1020.0,496.0,453.0,568.0,554.0,447.0,592.0,454.0,387.0,387.0,330.0,360.0,339.0,269.0,329.0,466.0,458.0,481.0,631.0,614.0,555.0,531.0,577.0,650.0,804.0,732.0,765.0,873.0,845.0,955.0,912.0,913.0,856.0,926.0,974.0,1169.0,1060.0,882.0,727.0,879.0,884.0,1040.0,1050.0,895.0,894.0,744.0,1001.0,873.0,796.0,776.0,773.0,805.0,796.0,960.0,1027.0,934.0,752.0,940.0,1161.0,894.0,818.0,966.0,903.0,981.0,1067.0,1121.0,1122.0,1178.0,921.0,980.0,1207.0,1006.0,1000.0,1148.0,829.0,1233.0,1239.0,1174.0,1243.0,1237.0,1000.0,1184.0,1291.0,1128.0,1060.0,1090.0,1246.0,1548.0,1462.0,1415.0,1937.0,1257.0,1168.0,1530.0,1288.0,1275.0,1141.0,1445.0,1177.0,1447.0,1417.0,1541.0,1591.0,1408.0,1470.0,1211.0,1413.0,1278.0,1300.0,1529.0,1254.0,1401.0,1466.0,1692.0,1728.0,1398.0,1613.0,1078.0,1309.0,1341.0,1069.0,1539.0,1303.0,1618.0,1644.0,1768.0,1612.0,1715.0,1628.0,1283.0,1570.0,1294.0,1259.0,1484.0,1315.0,1066.0,683.0,744.0,1271.0,1499.0,1113.0,1229.0,1110.0,1029.0,973.0,989.0,1078.0,1375.0,1398.0,1377.0,1472.0,1561.0,1276.0,1103.0,875.0,855.0,1007.0
Lithuania,,,,,,,,,,,,,,,,,,,,,,,,,,,,,,,,,,,,,,,,,,,,,,,,,,,,,,,,,,,,,,,,,,,,,,,,,,,,,,,,,,,,,,,,,,,,,,,,,,,,,,,,,,,,,,,,,,,,,,,,,,,,,,,,,,,,,,,,,,,,,,,,,,,,,,,,,,,,,475.0,456.0,469.0,701.0,747.0,594.0,775.0,585.0,538.0,764.0,683.0,756.0,744.0,539.0,809.0,1013.0,881.0,771.0,707.0,625.0,782.0,814.0,818.0,990.0,784.0,752.0,766.0,946.0,964.0,1097.0,907.0,721.0,797.0,844.0,902.0,987.0,908.0,915.0,1167.0,1134.0,1308.0,1323.0,1182.0,1216.0,1160.0,1448.0,1243.0,1230.0,1465.0,1154.0,1461.0,1538.0,2026.0,2200.0,1912.0,1929.0,1659.0,2300.0,2179.0,1783.0,2432.0,2196.0,2209.0,2535.0,2133.0,1911.0,2070.0,1406.0,1525.0,1727.0,1047.0,1026.0,742.0,533.0,653.0,797.0,698.0,889.0,560.0,530.0,504.0,522.0,496.0,591.0,439.0,435.0,501.0,581.0,658.0,663.0,709.0,617.0,724.0,943.0,843.0,857.0,846.0,925.0,1096.0,1164.0,1248.0,1344.0,1072.0,1075.0,1197.0,1180.0,1054.0,1033.0,1008.0,863.0,1001.0,1061.0,1213.0,1048.0,1051.0,952.0,980.0,1188.0,958.0,842.0,1001.0,782.0,956.0,1045.0,1109.0,1121.0,1071.0,828.0,986.0,1196.0,1139.0,929.0,1176.0,1044.0,1136.0,1417.0,1340.0,1223.0,1448.0,964.0,1280.0,1251.0,1159.0,1023.0,1421.0,1069.0,1271.0,1746.0,1467.0,1589.0,1559.0,1204.0,1529.0,1572.0,1438.0,1206.0,1561.0,1407.0,1625.0,2036.0,2160.0,1899.0,1651.0,1552.0,1703.0,1740.0,1536.0,1414.0,1827.0,1639.0,2049.0,2257.0,2350.0,2672.0,1769.0,2084.0,2488.0,2314.0,2422.0,1965.0,2109.0,1600.0,2759.0,3125.0,3132.0,3213.0,2767.0,3299.0,2272.0,2816.0,2837.0,2453.0,3144.0,3121.0,3959.0,4444.0,4242.0,4539.0,3555.0,3677.0,3998.0,4099.0,4333.0,3277.0,4251.0,4256.0,2240.0,1381.0,2053.0,2684.0,3361.0,3415.0,4682.0,3422.0,4324.0,4269.0,2314.0,2267.0,3077.0,3611.0,3937.0,3491.0,3263.0,2371.0,2022.0,1555.0,1765.0,1781.0
Poland,,,,,,,,,,,,,,,,,,,,,,,,,,,,,,,,,,,,,,,,,,,,,,,,,,,,,,,,,,,,,,,,,,,,,,,,,,,,,,,,,,,,,,,,,,,,,,,,,,,,,,,,,,,,,,,,,,,,,,,,,,,,,,,,,,,,,,,,,,,,,,,,,,,,,,,,,,,,,28197.0,25443.0,27945.0,31328.0,30985.0,29904.0,29460.0,24041.0,30704.0,32084.0,30669.0,37672.0,29148.0,30212.0,39100.0,45069.0,26037.0,23164.0,22099.0,20255.0,20560.0,19675.0,19218.0,23574.0,22228.0,19826.0,23922.0,19340.0,20902.0,23196.0,19610.0,17766.0,17181.0,15750.0,17121.0,18680.0,18680.0,18154.0,21626.0,19861.0,20444.0,20978.0,18981.0,17444.0,19097.0,20875.0,21272.0,21581.0,22770.0,22018.0,27948.0,25307.0,25761.0,25790.0,24173.0,20863.0,22753.0,24647.0,24537.0,26738.0,28375.0,28162.0,30387.0,28057.0,26157.0,27507.0,23460.0,20408.0,23109.0,27634.0,27126.0,29658.0,26660.0,30199.0,31107.0,28736.0,25326.0,26856.0,24665.0,21071.0,24888.0,25250.0,26949.0,28499.0,25371.0,24398.0,29348.0,25314.0,25648.0,28226.0,24488.0,22625.0,27902.0,30362.0,33918.0,35890.0,24528.0,23458.0,28396.0,24350.0,24422.0,26138.0,23288.0,19340.0,24318.0,24883.0,26595.0,28221.0,24057.0,23732.0,29349.0,23602.0,23684.0,23157.0,20681.0,17976.0,18727.0,22048.0,23062.0,20820.0,26188.0,24072.0,25374.0,24018.0,22617.0,24998.0,24717.0,18827.0,21467.0,26433.0,24049.0,26238.0,28877.0,32288.0,35327.0,27611.0,24231.0,25305.0,25523.0,19983.0,23546.0,28804.0,24387.0,29489.0,29552.0,28273.0,33343.0,28115.0,26813.0,29969.0,29366.0,23256.0,27135.0,29003.0,30217.0,37336.0,31941.0,33795.0,39303.0,34753.0,33154.0,38746.0,31424.0,28467.0,32746.0,32392.0,37412.0,43900.0,38232.0,38508.0,49606.0,39582.0,39801.0,42012.0,36902.0,34584.0,37212.0,40572.0,42510.0,48072.0,46209.0,42155.0,51710.0,44856.0,42341.0,46113.0,46090.0,56578.0,27190.0,39807.0,43082.0,45204.0,45679.0,43548.0,49916.0,46161.0,46965.0,44992.0,49010.0,48035.0,35223.0,46837.0,45128.0,52448.0,39494.0,38517.0,29681.0,15264.0,21149.0,35799.0,42451.0,34734.0,38195.0,40070.0,41678.0,51495.0,32258.0,37689.0,47786.0,40112.0,40855.0,43209.0,38862.0,33188.0,33095.0,31260.0,31983.0,36164.0
Slovakia,,,,,,,,,,,,,,,,,,,,,,,,,,,,,,,,,,,,,,,,,,,,,,,,,,,,,,,,,,,,,,,,,,,,,,,,,,,,,,,,,,,,,,,,,,,,,,,,,,,,,,,,,,,,,,,,,,,,,,,,,,,,,,,,,,,,,,,,,,,,,,,,,,,,,,,,,,,,,3527.0,4383.0,5098.0,5191.0,5081.0,4976.0,5428.0,4236.0,4169.0,5824.0,5497.0,6332.0,2983.0,3854.0,5086.0,4874.0,6486.0,4623.0,4330.0,4780.0,4096.0,4768.0,4628.0,6922.0,3857.0,3366.0,4599.0,5244.0,5455.0,5646.0,5181.0,4578.0,4327.0,4880.0,4421.0,5571.0,3737.0,3850.0,5265.0,5192.0,6094.0,5554.0,4642.0,4501.0,4380.0,5085.0,4745.0,6039.0,3501.0,4792.0,4896.0,4974.0,5520.0,5564.0,5433.0,4739.0,4060.0,5715.0,5213.0,5293.0,4783.0,5313.0,5490.0,6815.0,5903.0,6579.0,7118.0,5066.0,5016.0,6775.0,4789.0,6393.0,2907.0,3301.0,6488.0,9778.0,8469.0,10355.0,9879.0,6394.0,4783.0,4459.0,3643.0,4261.0,2917.0,3476.0,5397.0,4836.0,4930.0,6154.0,5591.0,5206.0,5230.0,6121.0,6442.0,7733.0,4422.0,4816.0,6491.0,5694.0,6513.0,6298.0,5583.0,5190.0,4998.0,5751.0,5903.0,6595.0,4801.0,5370.0,6427.0,5794.0,5948.0,5976.0,6252.0,5948.0,7329.0,4796.0,5554.0,5073.0,4371.0,4401.0,5729.0,5765.0,5906.0,5872.0,5709.0,4243.0,5084.0,6599.0,5668.0,6653.0,5455.0,5385.0,6015.0,5989.0,6260.0,6891.0,6656.0,5249.0,5367.0,7282.0,5484.0,6219.0,4577.0,5306.0,6719.0,6532.0,6596.0,7455.0,7080.0,6785.0,5969.0,6691.0,6953.0,7316.0,5473.0,6728.0,7823.0,7279.0,8299.0,8354.0,6826.0,6906.0,7126.0,7511.0,7830.0,8010.0,5423.0,8366.0,9038.0,7272.0,9219.0,9568.0,8022.0,7265.0,7177.0,8447.0,8279.0,8029.0,8050.0,7743.0,8550.0,8522.0,9674.0,9467.0,8716.0,10595.0,4519.0,8071.0,8323.0,5965.0,7096.0,7579.0,9222.0,8894.0,9888.0,9396.0,9443.0,10051.0,4849.0,9436.0,8000.0,7714.0,6733.0,7220.0,5013.0,3424.0,4123.0,7502.0,8262.0,6980.0,6350.0,6694.0,6921.0,7083.0,3321.0,5535.0,6542.0,6787.0,8037.0,8223.0,7695.0,6778.0,5797.0,5767.0,5704.0,5396.0
Slovenia,,,,,,,,,,,,,,,,,,,,,,,,,,,,,,,,,,,,,,,,,,,,,,,,,,,,,,,,,,,,,,,,,,,,,,,,,,,,,,,,,,,,,,,,,,,,,,,,,,,,,,,,,,,,,,,,,,,,,,,,,,,,,,,,,,,,,,,,,,,,,,,,,,,,,,,,,,,,,4476.0,4974.0,5453.0,5960.0,5667.0,6058.0,5322.0,3652.0,4352.0,4463.0,4378.0,4793.0,5031.0,5586.0,6674.0,6767.0,5908.0,5486.0,5398.0,3859.0,4393.0,4447.0,4505.0,3948.0,5501.0,4776.0,5659.0,6089.0,5663.0,5880.0,4851.0,3836.0,4515.0,4542.0,4324.0,3688.0,5118.0,4999.0,6012.0,5632.0,5671.0,5477.0,5066.0,4117.0,4469.0,5012.0,4562.0,3443.0,5037.0,5304.0,6740.0,6412.0,6498.0,6568.0,5902.0,4946.0,5100.0,6234.0,5413.0,4565.0,6473.0,6214.0,6881.0,8078.0,6524.0,6858.0,6814.0,4620.0,5553.0,5859.0,4403.0,3298.0,4805.0,4915.0,5598.0,5116.0,4999.0,5401.0,5303.0,4051.0,4671.0,4907.0,4515.0,3686.0,5217.0,4914.0,6040.0,5626.0,5739.0,5913.0,5329.0,4338.0,4825.0,4894.0,4756.0,3551.0,5562.0,5445.0,6073.0,5179.0,5695.0,5988.0,4909.0,4285.0,4647.0,4686.0,4319.0,3405.0,5126.0,4239.0,5349.0,4513.0,4791.0,5135.0,4242.0,3166.0,3289.0,3825.0,3845.0,2571.0,4424.0,3853.0,4648.0,4794.0,4911.0,5920.0,4308.0,3436.0,4025.0,4641.0,3986.0,2639.0,4690.0,4102.0,5193.0,4963.0,4802.0,4892.0,4666.0,3352.0,4464.0,5182.0,4261.0,3392.0,5174.0,4314.0,6040.0,5425.0,5442.0,5315.0,5175.0,4048.0,4586.0,5507.0,5147.0,3491.0,5907.0,4797.0,5887.0,5074.0,5466.0,5764.0,4700.0,3601.0,4585.0,4846.0,4784.0,3552.0,5550.0,4951.0,6224.0,5579.0,5942.0,6785.0,4717.0,4237.0,4794.0,5473.0,5046.0,3224.0,6188.0,4891.0,6774.0,6090.0,6622.0,6645.0,5549.0,4914.0,4716.0,4992.0,4590.0,3144.0,5653.0,4927.0,6138.0,5465.0,6025.0,5263.0,4916.0,4135.0,4637.0,5111.0,4426.0,3166.0,5118.0,4531.0,2065.0,1318.0,4047.0,5010.0,4914.0,3243.0,3418.0,3214.0,2039.0,1283.0,2909.0,3523.0,5217.0,3348.0,4100.0,4075.0,3646.0,2836.0,3345.0,3404.0,3453.0,2215.0
